id,raw,pred,strict_format,p_negative,p_neutral,p_positive
fpb3876,neutral,neutral,True,0.0010578982,0.7973424,0.20159973
fpb3877,positive,positive,True,2.7040443e-05,0.017985724,0.98198724
fpb3878,positive,positive,True,0.013212888,0.26538795,0.7213992
fpb3879,positive,positive,True,5.1052444e-05,0.007576854,0.9923721
fpb3880,positive,positive,True,4.1069383e-05,0.09534555,0.9046134
fpb3881,positive,positive,True,0.00018424186,0.3774711,0.6223447
fpb3882,neutral,neutral,True,0.0019973405,0.9130736,0.08492907
fpb3883,positive,positive,True,6.1590814e-05,0.06754253,0.9323959
fpb3884,neutral,neutral,True,0.006285143,0.72646374,0.26725113
fpb3885,positive,positive,True,0.0012438967,0.2686069,0.7301492
fpb3886,neutral,neutral,True,0.092354104,0.77327144,0.13437441
fpb3887,positive,positive,True,4.4675788e-05,0.015905682,0.9840497
fpb3888,neutral,neutral,True,0.00027432042,0.56202227,0.4377034
fpb3889,positive,positive,True,2.7351405e-05,0.0066926675,0.99328
fpb3890,positive,positive,True,2.7436745e-05,0.0035935042,0.9963791
fpb3891,positive,positive,True,0.00015656684,0.3207711,0.6790724
fpb3892,positive,positive,True,6.5551685e-05,0.007576744,0.99235773
fpb3893,positive,positive,True,6.566173e-05,0.0059106806,0.9940236
fpb3894,positive,positive,True,6.1590814e-05,0.06754254,0.9323959
fpb3895,positive,positive,True,0.009004911,0.43388095,0.5571142
fpb3896,positive,positive,True,3.0655276e-05,0.13296017,0.8670092
fpb3897,positive,positive,True,0.0006046693,0.14795768,0.8514377
fpb3898,positive,positive,True,0.0006215956,0.46849924,0.5308792
fpb3899,neutral,neutral,True,0.00014330204,0.7980724,0.2017843
fpb3900,positive,positive,True,2.1391923e-05,0.0024725704,0.997506
fpb3901,positive,positive,True,8.416846e-05,0.0075766034,0.99233925
fpb3902,positive,positive,True,0.00013061221,0.4999347,0.4999347
fpb3903,positive,positive,True,0.00033118253,0.012427533,0.98724127
fpb3904,positive,positive,True,0.000476711,0.4071392,0.59238404
fpb3905,positive,positive,True,6.411613e-05,0.029310351,0.9706255
fpb3906,positive,positive,True,0.00011403516,0.07584953,0.92403644
fpb3907,positive,positive,True,3.4319914e-05,0.029311225,0.9706544
fpb3908,positive,positive,True,0.22065197,0.25003147,0.52931654
fpb3909,neutral,neutral,True,0.00079130597,0.9833149,0.015893804
fpb3910,positive,positive,True,7.460878e-05,0.003172446,0.9967529
fpb3911,positive,positive,True,2.391372e-05,0.015906012,0.98407006
fpb3912,positive,positive,True,3.991972e-05,0.003593459,0.9963666
fpb3913,positive,positive,True,4.5234734e-05,0.0035934402,0.9963613
fpb3914,positive,positive,True,1.8813282e-05,0.005910957,0.9940702
fpb3915,positive,positive,True,0.00013862293,0.008576296,0.991285
fpb3916,positive,positive,True,0.00033360012,0.005218384,0.994448
fpb3917,positive,positive,True,0.00011977803,0.02930872,0.9705715
fpb3918,positive,positive,True,0.00012117544,0.01798403,0.9818948
fpb3919,positive,positive,True,3.7924234e-05,0.053401306,0.9465608
fpb3920,neutral,neutral,True,0.0016486474,0.7536704,0.24468096
fpb3921,positive,positive,True,2.6820959e-05,0.02595666,0.97401655
fpb3922,neutral,neutral,True,0.0006558714,0.9235357,0.07580843
fpb3923,positive,positive,True,3.4859033e-05,0.014063137,0.985902
fpb3924,positive,positive,True,5.402879e-05,0.43779984,0.5621461
fpb3925,positive,positive,True,5.8081805e-05,0.003593394,0.99634856
fpb3926,positive,positive,True,0.00013460366,0.03732186,0.9625435
fpb3927,neutral,neutral,True,0.0016806863,0.6780372,0.3202821
fpb3928,positive,positive,True,0.00010832852,0.00521956,0.9946721
fpb3929,neutral,neutral,True,0.26439574,0.718702,0.016902251
fpb3930,neutral,neutral,True,0.00014685185,0.5620939,0.43775922
fpb3931,neutral,neutral,True,0.00032506828,0.7546696,0.24500534
fpb3932,positive,positive,True,0.00015295342,0.14802454,0.8518225
fpb3933,positive,positive,True,8.450629e-05,0.003593299,0.9963222
fpb3934,neutral,neutral,True,0.0010086602,0.5920688,0.40692255
fpb3935,positive,positive,True,5.80818e-05,0.003593394,0.99634856
fpb3936,negative,negative,True,0.938587,0.060001858,0.0014111084
fpb3937,positive,positive,True,8.446588e-05,0.004069794,0.9958458
fpb3938,positive,positive,True,5.695196e-05,0.022976063,0.976967
fpb3939,positive,positive,True,6.470923e-05,0.020331036,0.97960424
fpb3940,positive,positive,True,0.0003511697,0.07583154,0.92381734
fpb3941,positive,positive,True,7.460878e-05,0.0031724463,0.9967529
fpb3942,neutral,neutral,True,0.0035006488,0.9706329,0.02586649
fpb3943,positive,positive,True,0.00013460366,0.03732186,0.9625435
fpb3944,positive,positive,True,0.00011754316,0.047420293,0.9524622
fpb3945,positive,positive,True,0.0004412698,0.20172417,0.7978346
fpb3946,positive,positive,True,4.2670177e-05,0.060084086,0.9398732
fpb3947,positive,positive,True,3.5119625e-05,0.006692616,0.99327224
fpb3948,neutral,neutral,True,0.0008139297,0.8925823,0.106603764
fpb3949,positive,positive,True,0.00037550207,0.32070085,0.67892367
fpb3950,positive,positive,True,0.00061360706,0.020319877,0.9790665
fpb3951,positive,positive,True,5.7242887e-05,0.017985182,0.9819576
fpb3952,positive,positive,True,7.396305e-05,0.3207976,0.67912847
fpb3953,neutral,neutral,True,0.00045198327,0.81720495,0.18234308
fpb3954,positive,positive,True,0.0004841623,0.0075735715,0.9919422
fpb3955,positive,positive,True,3.956565e-05,0.012431159,0.9875292
fpb3956,positive,positive,True,3.1133808e-05,0.0021826485,0.9977862
fpb3957,neutral,neutral,True,0.0006888827,0.9700191,0.029292038
fpb3958,positive,positive,True,0.00015813093,0.22266494,0.7771769
fpb3959,positive,positive,True,3.9426443e-05,0.015905766,0.9840548
fpb3960,neutral,neutral,True,0.04258143,0.855271,0.10214755
fpb3961,positive,positive,True,0.00013817228,0.32077697,0.67908484
fpb3962,neutral,neutral,True,0.00038995972,0.6222166,0.37739342
fpb3963,neutral,neutral,True,0.0010222199,0.9892792,0.009698553
fpb3964,positive,positive,True,0.00042729607,0.0075740037,0.99199873
fpb3965,positive,positive,True,0.000427296,0.007574003,0.9919987
fpb3966,neutral,neutral,True,0.0008242546,0.90390486,0.09527087
fpb3967,positive,positive,True,0.0019040412,0.3202105,0.67788553
fpb3968,neutral,neutral,True,0.016098144,0.8789288,0.10497307
fpb3969,neutral,neutral,True,0.00024518272,0.7308793,0.2688755
fpb3970,neutral,neutral,True,0.00010093434,0.5621198,0.4377793
fpb3971,positive,positive,True,0.00023896857,0.08507871,0.9146823
fpb3972,positive,positive,True,0.00018855363,0.43774092,0.5620705
fpb3973,neutral,neutral,True,0.0001032039,0.6512877,0.34860915
fpb3974,positive,positive,True,5.087705e-05,0.010986384,0.9889627
fpb3975,positive,positive,True,7.0258306e-05,0.26892257,0.73100716
fpb3976,positive,positive,True,0.00014330202,0.2017843,0.7980724
fpb3977,neutral,neutral,True,0.00015357774,0.75479907,0.24504738
fpb3978,positive,positive,True,5.1298135e-05,0.0028007834,0.99714786
fpb3979,positive,positive,True,6.5783315e-05,0.00406987,0.99586433
fpb3980,positive,positive,True,5.3330998e-05,0.085094504,0.91485214
fpb3981,positive,positive,True,0.00055023195,0.0046070362,0.99484277
fpb3982,positive,positive,True,3.6243775e-05,0.095346004,0.9046177
fpb3983,neutral,neutral,True,0.00025522156,0.59251535,0.40722945
fpb3984,positive,positive,True,8.308678e-05,0.020330664,0.97958624
fpb3985,positive,positive,True,0.0002455001,0.060071893,0.9396826
fpb3986,positive,positive,True,0.0001581311,0.11918408,0.8806578
fpb3987,positive,positive,True,0.00010761197,0.3207868,0.67910564
fpb3988,positive,positive,True,0.00016425282,0.085085064,0.9147507
fpb3989,neutral,neutral,True,0.0030632096,0.8493431,0.14759369
fpb3990,positive,positive,True,0.00040148606,0.067519575,0.93207896
fpb3991,positive,positive,True,5.7566653e-05,0.012430935,0.9875115
fpb3992,positive,positive,True,0.00021365393,0.43772998,0.56205636
fpb3993,positive,positive,True,5.0396327e-05,0.020331329,0.9796183
fpb3994,neutral,neutral,True,0.0027662034,0.9848365,0.012397263
fpb3995,positive,positive,True,0.00023629183,0.09532694,0.90443677
fpb3996,positive,positive,True,2.742362e-05,0.0040700263,0.99590254
fpb3997,neutral,neutral,True,0.013126144,0.9202138,0.06666006
fpb3998,positive,positive,True,0.00010309623,0.16449949,0.8353974
fpb3999,positive,positive,True,3.985456e-05,0.0052199173,0.9947402
fpb4000,positive,positive,True,0.0017630606,0.08494902,0.91328794
fpb4001,neutral,neutral,True,0.00053365657,0.8514982,0.14796819
fpb4002,positive,positive,True,7.4701995e-05,0.2226835,0.7772418
fpb4003,positive,positive,True,1.205596e-05,0.43781823,0.56216973
fpb4004,neutral,neutral,True,0.0010578982,0.79734236,0.20159972
fpb4005,positive,positive,True,0.000105128274,0.14803162,0.8518632
fpb4006,positive,positive,True,0.0002937173,0.46865293,0.53105336
fpb4007,neutral,neutral,True,0.00029958214,0.8930418,0.10665863
fpb4008,positive,positive,True,0.00045219742,0.4376255,0.5619223
fpb4009,positive,positive,True,8.232524e-05,0.029309819,0.9706079
fpb4010,positive,positive,True,3.9879018e-05,0.004609389,0.9953508
fpb4011,positive,positive,True,0.0003731526,0.017979497,0.9816473
fpb4012,positive,positive,True,9.390592e-05,0.40729517,0.59261096
fpb4013,neutral,neutral,True,0.000671797,0.9459607,0.053367455
fpb4014,positive,positive,True,3.0484996e-05,0.02297667,0.97699285
fpb4015,neutral,neutral,True,0.00029538694,0.7770703,0.22263438
fpb4016,positive,positive,True,0.00017918204,0.22266024,0.7771606
fpb4017,positive,positive,True,0.00017740976,0.3207644,0.6790582
fpb4018,positive,positive,True,0.00016852435,0.26889613,0.73093534
fpb4019,positive,positive,True,5.087705e-05,0.010986384,0.9889627
fpb4020,positive,positive,True,6.8477326e-05,0.085093215,0.9148383
fpb4021,neutral,neutral,True,0.0064627016,0.8464469,0.1470904
fpb4022,positive,positive,True,6.470923e-05,0.020331034,0.9796042
fpb4023,positive,positive,True,7.391584e-05,0.012430732,0.98749536
fpb4024,neutral,neutral,True,0.0013224735,0.87963223,0.11904528
fpb4025,positive,positive,True,0.0010209015,0.010975726,0.9880034
fpb4026,positive,positive,True,7.290357e-05,0.025955465,0.9739716
fpb4027,positive,positive,True,6.566173e-05,0.00591068,0.9940236
fpb4028,positive,positive,True,0.0008634586,0.3483441,0.6507924
fpb4029,positive,positive,True,0.0003294768,0.13292043,0.8667501
fpb4030,positive,positive,True,5.8178935e-05,0.22268718,0.77725464
fpb4031,positive,positive,True,0.0008874237,0.025934322,0.97317827
fpb4032,positive,positive,True,0.00016874255,0.06007651,0.9397547
fpb4033,positive,positive,True,5.134308e-05,0.22268872,0.77726
fpb4034,positive,positive,True,0.00037581119,0.010982813,0.9886413
fpb4035,positive,positive,True,5.6362747e-05,0.033084113,0.96685946
fpb4036,positive,positive,True,0.00015295342,0.14802454,0.8518225
fpb4037,positive,positive,True,3.4543886e-05,0.022976577,0.97698885
fpb4038,positive,positive,True,0.00018172717,0.10667121,0.89314705
fpb4039,positive,positive,True,0.001306412,0.014045254,0.98464835
fpb4040,positive,positive,True,3.9590923e-05,0.3208086,0.67915183
fpb4041,positive,positive,True,7.454162e-05,0.004069834,0.99585557
fpb4042,positive,positive,True,5.1279014e-05,0.00317252,0.99677616
fpb4043,positive,positive,True,0.00018846433,0.18239115,0.81742036
fpb4044,neutral,neutral,True,0.00017014306,0.651244,0.3485858
fpb4045,positive,positive,True,0.0015405454,0.37695903,0.6215004
fpb4046,neutral,neutral,True,0.00013125179,0.73096263,0.26890615
fpb4047,positive,positive,True,0.00012959854,0.43776676,0.5621036
fpb4048,positive,positive,True,0.00037394257,0.015900442,0.9837256
fpb4049,positive,positive,True,8.361838e-05,0.014062449,0.9858539
fpb4050,neutral,neutral,True,0.00017358913,0.96674615,0.033080235
fpb4051,neutral,neutral,True,0.0006888827,0.9700191,0.02929204
fpb4052,positive,positive,True,3.528811e-05,0.22269228,0.7772724
fpb4053,positive,positive,True,3.491673e-05,0.012431217,0.98753387
fpb4054,positive,positive,True,0.0004254783,0.32068482,0.6788897
fpb4055,positive,positive,True,0.0002149401,0.067532174,0.9322529
fpb4056,positive,positive,True,0.00014349354,0.3774865,0.62237
fpb4057,neutral,neutral,True,0.0017852441,0.8161149,0.18209985
fpb4058,positive,positive,True,7.169635e-05,0.042084713,0.9578436
fpb4059,positive,positive,True,8.446588e-05,0.004069794,0.9958458
fpb4060,neutral,neutral,True,0.0007287545,0.70527065,0.29400057
fpb4061,positive,positive,True,7.396304e-05,0.32079756,0.67912847
fpb4062,positive,positive,True,2.409181e-05,0.008577278,0.99139863
fpb4063,positive,positive,True,4.9661838e-05,0.14803983,0.85191053
fpb4064,positive,positive,True,2.1707689e-05,0.106688276,0.89329
fpb4065,positive,positive,True,2.7148451e-05,0.014063245,0.98590964
fpb4066,positive,positive,True,3.1089785e-05,0.0035934907,0.9963754
fpb4067,positive,positive,True,5.8081805e-05,0.003593394,0.99634856
fpb4068,neutral,neutral,True,0.0016619121,0.59168166,0.40665647
fpb4069,positive,positive,True,2.7391956e-05,0.005219983,0.9947526
fpb4070,neutral,neutral,True,0.00014641929,0.9240065,0.075847074
fpb4071,neutral,neutral,True,0.01374658,0.58451945,0.40173396
fpb4072,positive,positive,True,6.48642e-05,0.017985044,0.9819501
fpb4073,positive,positive,True,9.55344e-05,0.005910504,0.993994
fpb4074,positive,positive,True,5.0802737e-05,0.01243102,0.9875182
fpb4075,positive,positive,True,6.979097e-05,0.06754198,0.9323882
fpb4076,positive,positive,True,0.00012315693,0.11918824,0.8806886
fpb4077,positive,positive,True,8.381028e-05,0.3207944,0.6791218
fpb4078,positive,positive,True,9.868839e-05,0.2941859,0.70571536
fpb4079,positive,positive,True,5.0106977e-05,0.025956057,0.97399384
fpb4080,positive,positive,True,0.00027077828,0.085076004,0.91465324
fpb4081,positive,positive,True,0.00067259074,0.34841067,0.65091676
fpb4082,positive,positive,True,0.0030073004,0.34759668,0.64939606
fpb4083,positive,positive,True,5.6778266e-05,0.025955884,0.97398734
fpb4084,positive,positive,True,6.584259e-05,0.003172474,0.9967617
fpb4085,positive,positive,True,9.441889e-05,0.13295169,0.86695385
fpb4086,positive,positive,True,5.6958925e-05,0.40731022,0.59263283
fpb4087,positive,positive,True,5.8106332e-05,0.0031724984,0.99676937
fpb4088,positive,positive,True,0.00016269923,0.2941671,0.70567024
fpb4089,neutral,neutral,True,0.0016119448,0.6503049,0.34808314
fpb4090,positive,positive,True,0.00022452472,0.025951529,0.9738239
fpb4091,positive,positive,True,0.0001292168,0.07584838,0.9240224
fpb4092,positive,positive,True,3.9343122e-05,0.017985502,0.9819752
fpb4093,positive,positive,True,3.8377566e-05,0.042086113,0.95787555
fpb4094,positive,positive,True,3.099309e-05,0.0066926433,0.99327636
fpb4095,positive,positive,True,0.00046236167,0.34848398,0.6510537
fpb4096,neutral,neutral,True,0.00070085423,0.98687625,0.012422938
fpb4097,positive,positive,True,0.00013619316,0.025953822,0.97391
fpb4098,positive,positive,True,0.00012671485,0.2941777,0.70569557
fpb4099,positive,positive,True,6.5661734e-05,0.00591068,0.9940236
fpb4100,positive,positive,True,7.450125e-05,0.004609229,0.99531627
fpb4101,positive,positive,True,0.00011023099,0.106678836,0.89321095
fpb4102,positive,positive,True,3.0244977e-05,0.24507761,0.7548922
fpb4103,positive,positive,True,7.093323e-05,0.34862044,0.65130866
fpb4104,positive,positive,True,5.1000992e-05,0.008577048,0.9913719
fpb4105,positive,positive,True,8.308677e-05,0.020330664,0.97958624
fpb4106,positive,positive,True,8.408363e-05,0.008576764,0.9913391
fpb4107,positive,positive,True,7.396305e-05,0.32079756,0.6791284
fpb4108,positive,positive,True,0.0001224597,0.0075763133,0.9923013
fpb4109,positive,positive,True,0.00054803974,0.008572784,0.9908792
fpb4110,neutral,neutral,True,0.0014211279,0.94525146,0.05332744
fpb4111,neutral,neutral,True,0.00035669893,0.73079777,0.2688455
fpb4112,positive,positive,True,4.706474e-05,0.08509503,0.91485786
fpb4113,positive,positive,True,3.9623523e-05,0.010986508,0.98897386
fpb4114,neutral,neutral,True,0.00014872517,0.7309498,0.26890144
fpb4115,positive,positive,True,2.4240157e-05,0.0024725632,0.9975032
fpb4116,positive,positive,True,0.00015566089,0.13294354,0.8669008
fpb4117,positive,positive,True,6.104186e-05,0.07585355,0.92408544
fpb4118,positive,positive,True,2.8906556e-05,0.18242025,0.81755084
fpb4119,neutral,neutral,True,0.00048416574,0.5309522,0.46856365
fpb4120,neutral,neutral,True,0.0010593107,0.62179995,0.37714076
fpb4121,positive,positive,True,3.991972e-05,0.003593459,0.99636656
fpb4122,positive,positive,True,7.4577285e-05,0.0035933347,0.9963321
fpb4123,positive,positive,True,4.51609e-05,0.00521989,0.99473494
fpb4124,neutral,neutral,True,0.0033740501,0.7285919,0.268034
fpb4125,positive,positive,True,0.00010845374,0.0040696966,0.9958219
fpb4126,positive,positive,True,2.42472e-05,0.0021826637,0.9977931
fpb4127,positive,positive,True,5.6273857e-05,0.14803886,0.85190487
fpb4128,positive,positive,True,0.00017101516,0.047417764,0.95241123
fpb4129,positive,positive,True,0.00011403516,0.07584953,0.92403644
fpb4130,positive,positive,True,9.414862e-05,0.02033044,0.97957546
fpb4131,positive,positive,True,0.00013955263,0.22266906,0.7771914
fpb4132,positive,positive,True,9.437406e-05,0.017984513,0.98192114
fpb4133,positive,positive,True,0.000550232,0.0046070362,0.99484277
fpb4134,positive,positive,True,0.0003895197,0.09531232,0.9042982
fpb4135,positive,positive,True,7.9715435e-05,0.06008186,0.9398384
fpb4136,positive,positive,True,0.0017433418,0.09518324,0.90307343
fpb4137,positive,positive,True,0.00016269923,0.29416713,0.70567024
fpb4138,positive,positive,True,6.570737e-05,0.0052197827,0.9947145
fpb4139,positive,positive,True,6.548562e-05,0.008576924,0.99135756
fpb4140,positive,positive,True,7.460879e-05,0.0031724463,0.9967529
fpb4141,positive,positive,True,0.00046187945,0.16444047,0.8350977
fpb4142,positive,positive,True,7.2550865e-05,0.24506724,0.7548602
fpb4143,neutral,neutral,True,0.001390899,0.81643736,0.18217179
fpb4144,positive,positive,True,5.8106332e-05,0.0031724984,0.99676937
fpb4145,positive,positive,True,0.00037843853,0.004068597,0.99555296
fpb4146,positive,positive,True,8.446587e-05,0.004069794,0.99584574
fpb4147,positive,positive,True,0.00022646919,0.13293414,0.86683935
fpb4148,positive,positive,True,5.636275e-05,0.033084113,0.96685946
fpb4149,neutral,neutral,True,0.0028760864,0.70375514,0.2933688
fpb4150,neutral,neutral,True,0.08181043,0.87954503,0.03864451
fpb4151,positive,positive,True,0.00019877795,0.40725243,0.5925488
fpb4152,positive,positive,True,3.0859108e-05,0.010986605,0.98898256
fpb4153,neutral,neutral,True,0.18181804,0.8148519,0.0033301136
fpb4154,negative,negative,True,0.99544597,0.00406816,0.0004858725
fpb4155,negative,negative,True,0.9852465,0.014053786,0.00069969683
fpb4156,neutral,neutral,True,0.10158423,0.7506116,0.14780419
fpb4157,negative,negative,True,0.9796292,0.017942535,0.002428258
fpb4158,negative,negative,True,0.91842294,0.075388744,0.006188285
fpb4159,negative,negative,True,0.9553418,0.041974794,0.0026833587
fpb4160,negative,negative,True,0.99496377,0.004607597,0.00042857326
fpb4161,negative,negative,True,0.956839,0.042040575,0.0011203433
fpb4162,neutral,neutral,True,0.21215779,0.74050343,0.0473388
fpb4163,negative,negative,True,0.9114929,0.08478204,0.0037250633
fpb4164,negative,negative,True,0.9130736,0.08492907,0.0019973405
fpb4165,negative,negative,True,0.9868762,0.012422938,0.0007008542
fpb4166,negative,negative,True,0.990725,0.008571451,0.00070358755
fpb4167,negative,negative,True,0.9803737,0.01795617,0.0016701842
fpb4168,negative,negative,True,0.9808859,0.017965553,0.0011484993
fpb4169,negative,negative,True,0.99318856,0.0059057153,0.0009056708
fpb4170,negative,negative,True,0.7031807,0.29312932,0.0036899538
fpb4171,negative,negative,True,0.9878691,0.010974235,0.0011566756
fpb4172,negative,negative,True,0.9032585,0.095202744,0.0015388092
fpb4173,negative,negative,True,0.8657569,0.13276814,0.0014749208
fpb4174,negative,negative,True,0.9387427,0.06001181,0.0012455054
fpb4175,negative,negative,True,0.9930495,0.0066911145,0.00025944266
fpb4176,negative,negative,True,0.9313011,0.067463234,0.0012356321
fpb4177,negative,negative,True,0.9700976,0.029294409,0.000607986
fpb4178,negative,negative,True,0.9692732,0.029269515,0.0014572433
fpb4179,negative,negative,True,0.9134771,0.08496661,0.0015562179
fpb4180,negative,negative,True,0.95082563,0.04733882,0.0018355254
fpb4181,negative,negative,True,0.9824465,0.015879769,0.0016737155
fpb4182,negative,negative,True,0.9517474,0.04738471,0.0008678813
fpb4183,negative,negative,True,0.9914061,0.0075694784,0.0010244176
fpb4184,negative,negative,True,0.9746622,0.02292186,0.0024159462
fpb4185,negative,negative,True,0.77667606,0.22252141,0.0008025375
fpb4186,negative,negative,True,0.89266765,0.10661396,0.00071835914
fpb4187,negative,negative,True,0.98840195,0.009689953,0.0019080647
fpb4188,negative,negative,True,0.994487,0.005218589,0.00029441266
fpb4189,negative,negative,True,0.73808914,0.23962246,0.022288362
fpb4190,negative,negative,True,0.99435383,0.00521789,0.0004283105
fpb4191,negative,negative,True,0.79524726,0.20107,0.0036827258
fpb4192,negative,negative,True,0.9801557,0.017952178,0.0018921457
fpb4193,negative,negative,True,0.994487,0.0052185887,0.00029441263
fpb4194,neutral,neutral,True,0.16136275,0.4970323,0.34160498
fpb4195,negative,negative,True,0.98355824,0.015897738,0.0005439907
fpb4196,negative,negative,True,0.6210651,0.37669504,0.0022399104
fpb4197,negative,negative,True,0.9960734,0.0035924017,0.0003341454
fpb4198,negative,negative,True,0.9881219,0.010977044,0.0009010506
fpb4199,negative,negative,True,0.9478261,0.04164457,0.010529397
fpb4200,negative,negative,True,0.9313012,0.067463234,0.0012356321
fpb4201,negative,negative,True,0.8347629,0.16437453,0.00086255843
fpb4202,negative,negative,True,0.9755896,0.02294367,0.0014667396
fpb4203,negative,negative,True,0.95003223,0.047299318,0.0026684452
fpb4204,negative,negative,True,0.5309522,0.46856365,0.00048416574
fpb4205,negative,negative,True,0.6788077,0.32064605,0.00054625893
fpb4206,negative,negative,True,0.9937575,0.005909098,0.0003333685
fpb4207,negative,negative,True,0.90131825,0.09499824,0.0036834816
fpb4208,negative,negative,True,0.9870925,0.012425662,0.0004817952
fpb4209,negative,negative,True,0.9517474,0.047384713,0.0008678813
fpb4210,negative,negative,True,0.6186839,0.37525076,0.006065364
fpb4211,negative,negative,True,0.9132879,0.084949,0.0017630603
fpb4212,negative,negative,True,0.8154526,0.18195206,0.002595407
fpb4213,negative,negative,True,0.9392864,0.06004657,0.0006670571
fpb4214,negative,negative,True,0.9610969,0.03726577,0.0016373438
fpb4215,negative,negative,True,0.5342407,0.4160671,0.049692128
fpb4216,negative,negative,True,0.99555296,0.004068597,0.0003784385
fpb4217,negative,negative,True,0.994487,0.0052185887,0.00029441263
fpb4218,negative,negative,True,0.7285919,0.268034,0.0033740501
fpb4219,negative,negative,True,0.98539907,0.014055962,0.0005450088
fpb4220,negative,negative,True,0.95707625,0.042051,0.0008727406
fpb4221,negative,negative,True,0.8344354,0.16431007,0.0012545228
fpb4222,negative,negative,True,0.9231429,0.07577618,0.0010808891
fpb4223,negative,negative,True,0.7546369,0.24499473,0.0003683347
fpb4224,negative,negative,True,0.7009351,0.2921932,0.006871726
fpb4225,negative,negative,True,0.98539907,0.014055963,0.00054500886
fpb4226,negative,negative,True,0.9785452,0.020309057,0.0011457587
fpb4227,negative,negative,True,0.99371344,0.0059088357,0.00037773926
fpb4228,negative,negative,True,0.9921532,0.006685076,0.001161692
fpb4229,negative,negative,True,0.98132944,0.017973676,0.000696915
fpb4230,negative,negative,True,0.7045524,0.29370114,0.0017464109
fpb4231,negative,negative,True,0.5310326,0.4686346,0.00033281228
fpb4232,neutral,neutral,True,0.4343405,0.55770427,0.007955224
fpb4233,negative,negative,True,0.6788897,0.3206848,0.00042547827
fpb4234,negative,negative,True,0.99109286,0.008574634,0.00033247462
fpb4235,negative,negative,True,0.9920925,0.0075747194,0.00033280996
fpb4236,negative,negative,True,0.9041379,0.09529544,0.0005666474
fpb4237,negative,negative,True,0.9568391,0.04204058,0.0011203435
fpb4238,negative,negative,True,0.5309522,0.46856368,0.00048416574
fpb4239,negative,negative,True,0.97757274,0.020288873,0.0021384316
fpb4240,negative,negative,True,0.92285967,0.07575294,0.0013874633
fpb4241,negative,negative,True,0.985399,0.014055961,0.0005450088
fpb4242,negative,negative,True,0.9566964,0.042034306,0.001269326
fpb4243,negative,negative,True,0.9836212,0.015898755,0.00048010083
fpb4244,negative,negative,True,0.9950972,0.004608215,0.0002945933
fpb4245,neutral,neutral,True,0.2933688,0.70375514,0.0028760864
fpb4246,neutral,neutral,True,0.4684992,0.5308792,0.0006215956
fpb4247,negative,negative,True,0.79441637,0.2008599,0.004723772
fpb4248,negative,negative,True,0.67856723,0.32053247,0.0009003097
fpb4249,negative,negative,True,0.8791033,0.118973695,0.0019230308
fpb4250,negative,negative,True,0.9851547,0.014052477,0.00079278654
fpb4251,neutral,neutral,True,0.268034,0.7285919,0.0033740501
fpb4252,negative,negative,True,0.9224961,0.07572309,0.0017808364
fpb4253,negative,negative,True,0.9569651,0.042046115,0.0009888298
fpb4254,negative,negative,True,0.91392195,0.08500798,0.0010700925
fpb4255,negative,negative,True,0.99204856,0.0075743836,0.0003771064
fpb4256,negative,negative,True,0.92268914,0.07573894,0.0015719116
fpb4257,negative,negative,True,0.9695858,0.029278954,0.0011352682
fpb4258,negative,negative,True,0.9898131,0.009703787,0.0004831231
fpb4259,negative,negative,True,0.99360687,0.005908202,0.0004849748
fpb4260,negative,negative,True,0.5303128,0.46799937,0.0016878692
fpb4261,neutral,neutral,True,0.14720218,0.8470902,0.0057076486
fpb4262,negative,negative,True,0.9813294,0.017973674,0.00069691497
fpb4263,neutral,neutral,True,0.22199494,0.77483845,0.0031665876
fpb4264,neutral,neutral,True,0.37596384,0.6198596,0.004176581
fpb4265,negative,negative,True,0.79485756,0.20097145,0.0041710297
fpb4266,negative,negative,True,0.8345585,0.1643343,0.0011072758
fpb4267,negative,negative,True,0.9919423,0.0075735725,0.00048416236
fpb4268,negative,negative,True,0.96625054,0.033063274,0.00068620633
fpb4269,neutral,neutral,True,0.0002472453,0.9463626,0.053390127
fpb4270,neutral,neutral,True,0.0005344992,0.96639717,0.03306829
fpb4271,positive,positive,True,0.00017740975,0.32076436,0.6790582
fpb4272,neutral,neutral,True,0.00054989464,0.99423283,0.005217255
fpb4273,neutral,neutral,True,0.0005439907,0.9835583,0.015897738
fpb4274,neutral,neutral,True,0.00013737276,0.86691666,0.13294597
fpb4275,neutral,neutral,True,0.0031613177,0.9932564,0.003582242
fpb4276,neutral,neutral,True,0.0005480398,0.9908791,0.008572785
fpb4277,neutral,neutral,True,0.001281239,0.9656752,0.033043586
fpb4278,neutral,neutral,True,0.0011666219,0.99636364,0.0024697387
fpb4279,neutral,neutral,True,0.001321316,0.99588144,0.0027972262
fpb4280,neutral,neutral,True,0.00069126196,0.9733693,0.025939412
fpb4281,neutral,neutral,True,0.0019213484,0.99528307,0.0027955456
fpb4282,neutral,neutral,True,0.0001499971,0.8353582,0.16449179
fpb4283,positive,positive,True,2.7482625e-05,0.22269402,0.7772785
fpb4284,neutral,neutral,True,0.00050097937,0.70543146,0.29406756
fpb4285,neutral,neutral,True,0.007931974,0.9168115,0.075256474
fpb4286,neutral,neutral,True,0.000607986,0.9700976,0.02929441
fpb4287,neutral,neutral,True,0.00055079325,0.99585754,0.0035916234
fpb4288,neutral,neutral,True,0.0027961768,0.99550784,0.001695967
fpb4289,neutral,neutral,True,0.0013181147,0.99346864,0.005213245
fpb4290,neutral,neutral,True,0.0010310251,0.9978007,0.0011683044
fpb4291,neutral,neutral,True,0.00018424186,0.6223446,0.37747112
fpb4292,neutral,neutral,True,0.0016373439,0.9610969,0.03726577
fpb4293,neutral,neutral,True,0.0009085017,0.9962931,0.0027983824
fpb4294,neutral,neutral,True,0.0010274777,0.99436766,0.004604836
fpb4295,neutral,neutral,True,0.0011530815,0.9847995,0.0140474085
fpb4296,neutral,neutral,True,0.001030683,0.9974697,0.0014996349
fpb4297,neutral,neutral,True,0.001492322,0.99260545,0.005902247
fpb4298,neutral,neutral,True,0.0007059684,0.99407756,0.00521644
fpb4299,neutral,neutral,True,0.0037250633,0.9114929,0.08478205
fpb4300,neutral,neutral,True,0.24441953,0.7528652,0.0027152558
fpb4301,neutral,neutral,True,0.0012862331,0.96943927,0.02927453
fpb4302,neutral,neutral,True,0.0010209016,0.9880034,0.010975727
fpb4303,neutral,neutral,True,0.0005265764,0.9520725,0.047400896
fpb4304,neutral,neutral,True,0.00011583109,0.7309739,0.2689103
fpb4305,neutral,neutral,True,0.083513275,0.8978524,0.01863433
fpb4306,neutral,neutral,True,0.00086345867,0.6507924,0.34834412
fpb4307,neutral,neutral,True,0.00061536767,0.86650217,0.13288242
fpb4308,neutral,neutral,True,0.022914486,0.9743488,0.0027367454
fpb4309,neutral,neutral,True,0.0014964265,0.99533564,0.0031679354
fpb4310,neutral,neutral,True,0.0010158287,0.9830939,0.015890233
fpb4311,neutral,neutral,True,0.00042857326,0.9949638,0.004607597
fpb4312,neutral,neutral,True,0.00022253042,0.85176325,0.14801425
fpb4313,neutral,neutral,True,0.059069753,0.92400646,0.016923768
fpb4314,neutral,neutral,True,0.00080302136,0.997873,0.0013239583
fpb4315,neutral,neutral,True,0.00047172353,0.9664579,0.033070367
fpb4316,neutral,neutral,True,0.0001840339,0.90448403,0.095331915
fpb4317,neutral,neutral,True,0.00047097984,0.85155153,0.14797746
fpb4318,neutral,neutral,True,0.0059022475,0.99260545,0.0014923218
fpb4319,neutral,neutral,True,0.0016373438,0.9610969,0.03726577
fpb4320,neutral,neutral,True,0.0096028345,0.97951573,0.010881437
fpb4321,neutral,neutral,True,0.0006234488,0.9947699,0.0046066986
fpb4322,neutral,neutral,True,0.014411584,0.89161307,0.09397533
fpb4323,neutral,neutral,True,0.0016861593,0.98975086,0.008563023
fpb4324,neutral,neutral,True,0.0011581692,0.98914456,0.009697232
fpb4325,neutral,neutral,True,0.00040762936,0.83514297,0.1644494
fpb4326,neutral,neutral,True,0.14764683,0.84964895,0.0027042464
fpb4327,neutral,neutral,True,0.00080038246,0.99459374,0.0046058833
fpb4328,neutral,neutral,True,0.00047931404,0.8666202,0.13290052
fpb4329,neutral,neutral,True,0.001313672,0.9901201,0.0085662175
fpb4330,positive,positive,True,0.00011694373,0.34860435,0.6512787
fpb4331,neutral,neutral,True,0.02293919,0.9753991,0.0016617094
fpb4332,positive,positive,True,0.00056728744,0.3773265,0.6221062
fpb4333,neutral,neutral,True,0.0039769886,0.973137,0.022885991
fpb4334,neutral,neutral,True,0.0005336566,0.8514981,0.14796819
fpb4335,neutral,neutral,True,0.0014974759,0.9960336,0.0024689205
fpb4336,neutral,neutral,True,0.001313672,0.9901201,0.0085662175
fpb4337,neutral,neutral,True,0.00041938564,0.9736342,0.02594647
fpb4338,neutral,neutral,True,0.0010020044,0.9697151,0.02928286
fpb4339,positive,positive,True,0.000106408006,0.40729004,0.59260356
fpb4340,neutral,neutral,True,0.000706784,0.99522597,0.0040672612
fpb4341,neutral,neutral,True,0.004171886,0.90087646,0.094951674
fpb4342,positive,positive,True,5.9822014e-05,0.3775181,0.6224221
fpb4343,neutral,neutral,True,0.007520258,0.9849595,0.007520258
fpb4344,positive,positive,True,0.00021355269,0.18238656,0.81739986
fpb4345,neutral,neutral,True,0.0008419987,0.9233637,0.07579431
fpb4346,neutral,neutral,True,0.012420466,0.9866798,0.00089973555
fpb4347,neutral,neutral,True,0.00055102585,0.99627805,0.0031709347
fpb4348,neutral,neutral,True,0.0031613177,0.99325645,0.0035822422
fpb4349,neutral,neutral,True,0.00048416233,0.9919422,0.0075735715
fpb4350,neutral,neutral,True,0.0011641256,0.99423164,0.0046042064
fpb4351,neutral,neutral,True,0.00036885045,0.97032976,0.02930142
fpb4352,neutral,neutral,True,0.0011594904,0.990273,0.00856754
fpb4353,neutral,neutral,True,0.0024580434,0.9916454,0.0058965385
fpb4354,neutral,neutral,True,0.035408776,0.8059001,0.15869112
fpb4355,neutral,neutral,True,0.0074714734,0.97857,0.013958551
fpb4356,neutral,neutral,True,0.0048692403,0.92791295,0.0672178
fpb4357,neutral,neutral,True,0.0011490441,0.86603945,0.13281146
fpb4358,neutral,neutral,True,0.0002451827,0.73087937,0.2688755
fpb4359,neutral,neutral,True,0.12808487,0.83521825,0.036696926
fpb4360,neutral,neutral,True,0.00089254393,0.97879326,0.020314205
fpb4361,neutral,neutral,True,0.0011684459,0.9979215,0.0009099867
fpb4362,neutral,neutral,True,0.00030372717,0.6222703,0.37742597
fpb4363,neutral,neutral,True,0.00019259188,0.8353227,0.16448478
fpb4364,neutral,neutral,True,0.0019213484,0.9952831,0.0027955456
fpb4365,neutral,neutral,True,0.0011308596,0.9658206,0.033048563
fpb4366,positive,positive,True,0.00013619315,0.02595382,0.9739099
fpb4367,neutral,neutral,True,0.0004268656,0.99099934,0.008573824
fpb4368,neutral,neutral,True,0.0021790124,0.99612397,0.0016970166
fpb4369,neutral,neutral,True,0.0006717971,0.94596076,0.05336746
fpb4370,neutral,neutral,True,0.0021713472,0.9926199,0.0052087912
fpb4371,neutral,neutral,True,0.0004999948,0.79778767,0.20171231
fpb4372,neutral,neutral,True,0.012417292,0.9864277,0.0011549881
fpb4373,neutral,neutral,True,0.00017402282,0.75478363,0.24504237
fpb4374,neutral,neutral,True,0.0006163775,0.98348707,0.015896587
fpb4375,negative,negative,True,0.7042031,0.29355553,0.0022413242
fpb4376,neutral,neutral,True,0.0002891941,0.5924952,0.4072156
fpb4377,neutral,neutral,True,0.0077643907,0.7919893,0.20024626
fpb4378,neutral,neutral,True,0.0021681394,0.9911535,0.0066783396
fpb4379,neutral,neutral,True,0.01404741,0.9847995,0.0011530817
fpb4380,neutral,neutral,True,0.0009088006,0.99662083,0.0024703762
fpb4381,neutral,neutral,True,0.17746091,0.79532456,0.02721451
fpb4382,neutral,neutral,True,0.0010112645,0.9786769,0.020311791
fpb4383,neutral,neutral,True,0.0010158286,0.9830939,0.015890233
fpb4384,neutral,neutral,True,0.0051697083,0.98517203,0.009658287
fpb4385,neutral,neutral,True,0.00079933676,0.9932943,0.0059063435
fpb4386,neutral,neutral,True,0.00090105063,0.9881219,0.010977044
fpb4387,neutral,neutral,True,0.00026821738,0.70559573,0.29413605
fpb4388,neutral,neutral,True,0.00018846433,0.81742036,0.18239115
fpb4389,neutral,neutral,True,0.46836674,0.53072906,0.00090416067
fpb4390,positive,positive,True,5.279311e-05,0.3775207,0.62242645
fpb4391,neutral,neutral,True,0.0006230666,0.99416006,0.0052168733
fpb4392,neutral,neutral,True,0.0027908897,0.9936255,0.0035835733
fpb4393,neutral,neutral,True,0.26580063,0.7225209,0.011678463
fpb4394,neutral,neutral,True,0.004604206,0.99423164,0.0011641255
fpb4395,neutral,neutral,True,0.007494614,0.98160076,0.010904601
fpb4396,neutral,neutral,True,0.00018435837,0.7056549,0.29416072
fpb4397,neutral,neutral,True,0.0010194118,0.9865616,0.012418978
fpb4398,neutral,neutral,True,0.0039513046,0.96685225,0.02919641
fpb4399,neutral,neutral,True,0.00083358627,0.9141383,0.085028104
fpb4400,neutral,neutral,True,0.0010244176,0.9914061,0.0075694784
fpb4401,neutral,neutral,True,0.0016617094,0.9753991,0.022939188
fpb4402,neutral,neutral,True,0.0001231568,0.77720416,0.22267273
fpb4403,neutral,neutral,True,0.0021662132,0.99027294,0.007560827
fpb4404,neutral,neutral,True,0.000704924,0.99260694,0.006688133
fpb4405,neutral,neutral,True,0.00050576153,0.91443825,0.08505601
fpb4406,positive,positive,True,0.00030391925,0.29412556,0.7055706
fpb4407,neutral,neutral,True,0.0015562179,0.9134772,0.08496661
fpb4408,positive,positive,True,0.00017740976,0.32076442,0.6790582
fpb4409,neutral,neutral,True,0.0019241867,0.99675333,0.0013224728
fpb4410,neutral,neutral,True,0.0005439907,0.9835583,0.015897738
fpb4411,neutral,neutral,True,0.0031638248,0.9940441,0.0027920655
fpb4412,neutral,neutral,True,0.00055023195,0.9948427,0.0046070362
fpb4413,neutral,neutral,True,0.00090929744,0.99716574,0.0019249828
fpb4414,neutral,neutral,True,0.00392982,0.84860474,0.1474654
fpb4415,neutral,neutral,True,0.0002564937,0.98176193,0.017981596
fpb4416,neutral,neutral,True,0.0075042294,0.98286015,0.009635623
fpb4417,neutral,neutral,True,0.0016806863,0.6780372,0.3202821
fpb4418,neutral,neutral,True,0.00031520642,0.9396171,0.060067706
fpb4419,neutral,neutral,True,0.003039558,0.95500064,0.0419598
fpb4420,neutral,neutral,True,0.0005495129,0.9935427,0.0059078205
fpb4421,neutral,neutral,True,0.0030632094,0.84934306,0.14759369
fpb4422,neutral,neutral,True,0.0005321561,0.9621608,0.037307024
fpb4423,neutral,neutral,True,0.00053583406,0.7545105,0.24495369
fpb4424,neutral,neutral,True,0.009413521,0.7478086,0.24277788
fpb4425,neutral,neutral,True,0.0011666218,0.99636364,0.0024697385
fpb4426,neutral,neutral,True,0.01365702,0.9574311,0.028911913
fpb4427,neutral,neutral,True,0.033024356,0.85170937,0.11526632
fpb4428,neutral,neutral,True,0.00026821735,0.70559573,0.29413605
fpb4429,positive,positive,True,1.8492568e-05,0.4073259,0.59265566
fpb4430,neutral,neutral,True,0.0009081634,0.995922,0.0031698018
fpb4431,neutral,neutral,True,0.00080038246,0.99459374,0.0046058833
fpb4432,neutral,neutral,True,0.00070492394,0.99260694,0.006688133
fpb4433,neutral,neutral,True,0.0009563658,0.8167926,0.18225107
fpb4434,neutral,neutral,True,0.0006251285,0.88024646,0.119128406
fpb4435,neutral,neutral,True,0.00031270544,0.9321617,0.06752557
fpb4436,neutral,neutral,True,8.7093205e-05,0.7057236,0.29418933
fpb4437,neutral,neutral,True,0.0018703635,0.96887225,0.029257406
fpb4438,neutral,neutral,True,0.0013202671,0.9950909,0.0035888583
fpb4439,positive,positive,True,0.00020591888,0.10666863,0.8931255
fpb4440,neutral,neutral,True,0.0005450088,0.98539907,0.014055962
fpb4441,neutral,neutral,True,0.00060798606,0.9700976,0.02929441
fpb4442,neutral,neutral,True,0.0013121754,0.9889921,0.009695738
fpb4443,negative,negative,True,0.9026265,0.09513613,0.0022373875
fpb4444,neutral,neutral,True,0.14769377,0.84991896,0.0023872477
fpb4445,neutral,neutral,True,0.0010253296,0.9922887,0.006685989
fpb4446,neutral,neutral,True,0.0002861679,0.9666373,0.03307651
fpb4447,neutral,neutral,True,0.013583483,0.8403804,0.1460362
fpb4448,neutral,neutral,True,0.00035204014,0.8172867,0.1823613
fpb4449,neutral,neutral,True,0.0011675236,0.9971338,0.001698737
fpb4450,neutral,neutral,True,6.782957e-05,0.7057372,0.294195
fpb4451,neutral,neutral,True,0.001030683,0.99746966,0.0014996349
fpb4452,neutral,neutral,True,0.0006046692,0.8514377,0.14795767
fpb4453,positive,positive,True,0.00012663475,0.37749287,0.62238055
fpb4454,neutral,neutral,True,0.0034023453,0.943376,0.05322164
fpb4455,neutral,neutral,True,0.00062263414,0.99347,0.0059073884
fpb4456,neutral,neutral,True,0.0009092975,0.99716574,0.0019249828
fpb4457,neutral,neutral,True,0.00090950314,0.9973913,0.0016991757
fpb4458,neutral,neutral,True,0.0006234488,0.9947699,0.004606699
fpb4459,neutral,neutral,True,0.0006226341,0.99346995,0.005907388
fpb4460,positive,positive,True,7.3963056e-05,0.3207976,0.67912847
fpb4461,neutral,neutral,True,0.0005514126,0.9969773,0.0024712598
fpb4462,neutral,neutral,True,0.0014825477,0.9861042,0.0124132205
fpb4463,neutral,neutral,True,0.0016906866,0.9924083,0.0059010754
fpb4464,neutral,neutral,True,0.0023872475,0.849919,0.14769375
fpb4465,neutral,neutral,True,0.0013172004,0.9927795,0.005903282
fpb4466,neutral,neutral,True,0.0001664017,0.56208295,0.43775067
fpb4467,neutral,neutral,True,0.0014825477,0.98610425,0.0124132205
fpb4468,neutral,neutral,True,0.0012792208,0.850863,0.14785782
fpb4469,neutral,neutral,True,0.00090685545,0.9944877,0.0046053925
fpb4470,neutral,neutral,True,0.0013012213,0.98073596,0.017962808
fpb4471,positive,positive,True,4.796763e-05,0.067543454,0.9324086
fpb4472,neutral,neutral,True,0.00020853261,0.9044619,0.09532958
fpb4473,neutral,neutral,True,0.00070678396,0.99522597,0.004067261
fpb4474,neutral,neutral,True,0.0035882273,0.99491596,0.0014957956
fpb4475,neutral,neutral,True,0.00019256538,0.94641435,0.053393047
fpb4476,neutral,neutral,True,0.0014707046,0.97822684,0.02030245
fpb4477,neutral,neutral,True,0.004416423,0.95368177,0.041901853
fpb4478,neutral,neutral,True,0.0021520855,0.98381454,0.01403336
fpb4479,neutral,neutral,True,0.0019153674,0.9921849,0.0058997464
fpb4480,neutral,neutral,True,0.012421779,0.98678416,0.0007940978
fpb4481,neutral,neutral,True,0.0004179418,0.9702821,0.029299982
fpb4482,neutral,neutral,True,0.0044904575,0.96966875,0.025840797
fpb4483,neutral,neutral,True,0.0021785193,0.7756065,0.22221498
fpb4484,neutral,neutral,True,0.00042071953,0.59241724,0.40716204
fpb4485,positive,positive,True,0.00058796105,0.2687833,0.7306287
fpb4486,neutral,neutral,True,0.34830403,0.6507176,0.0009783143
fpb4487,neutral,neutral,True,0.0019178704,0.9934814,0.004600732
fpb4488,neutral,neutral,True,0.0013224728,0.99675333,0.0019241867
fpb4489,neutral,neutral,True,0.010765959,0.9691206,0.020113457
fpb4490,negative,negative,True,0.6500073,0.34792385,0.002068831
fpb4491,neutral,neutral,True,0.0010268482,0.9937584,0.005214765
fpb4492,neutral,neutral,True,0.0040659537,0.994906,0.0010280341
fpb4493,neutral,neutral,True,0.0006252696,0.99767506,0.0016996592
fpb4494,neutral,neutral,True,0.0007896349,0.98123837,0.017972007
fpb4495,neutral,neutral,True,0.004005656,0.98015165,0.015842676
fpb4496,neutral,neutral,True,0.00048665146,0.99704194,0.00247142
fpb4497,neutral,neutral,True,0.0011666218,0.99636364,0.0024697387
fpb4498,neutral,neutral,True,0.00070678396,0.9952259,0.004067261
fpb4499,neutral,neutral,True,0.00521012,0.99287313,0.0019166961
fpb4500,neutral,neutral,True,0.02289669,0.973592,0.0035113213
fpb4501,neutral,neutral,True,0.0016617094,0.97539914,0.022939188
fpb4502,neutral,neutral,True,0.010320369,0.7235138,0.26616585
fpb4503,neutral,neutral,True,0.0031282033,0.98285216,0.014019633
fpb4504,neutral,neutral,True,0.006587093,0.9776113,0.015801614
fpb4505,positive,positive,True,0.00015357774,0.24504738,0.754799
fpb4506,neutral,neutral,True,0.00042686556,0.99099934,0.008573824
fpb4507,neutral,neutral,True,0.0003212405,0.9576045,0.042074207
fpb4508,neutral,neutral,True,0.0013012213,0.980736,0.017962806
fpb4509,neutral,neutral,True,0.0011662383,0.9960361,0.0027976607
fpb4510,neutral,neutral,True,0.000849565,0.9316611,0.0674893
fpb4511,neutral,neutral,True,0.0009003097,0.67856723,0.32053247
fpb4512,negative,negative,True,0.891952,0.10652848,0.0015195472
fpb4513,neutral,neutral,True,0.0010302449,0.87988967,0.11908011
fpb4514,neutral,neutral,True,0.0027616448,0.98321354,0.014024788
fpb4515,neutral,neutral,True,0.0008946795,0.9811352,0.017970119
fpb4516,neutral,neutral,True,0.0035847488,0.9939515,0.0024637596
fpb4517,neutral,neutral,True,0.0014933575,0.9932943,0.00521233
fpb4518,neutral,neutral,True,0.0024333883,0.98169893,0.015867684
fpb4519,neutral,neutral,True,0.0014883251,0.98994696,0.00856472
fpb4520,neutral,neutral,True,0.13285919,0.86635077,0.0007900097
fpb4521,neutral,neutral,True,0.00092220324,0.8924856,0.10659221
fpb4522,neutral,neutral,True,0.0044904575,0.96966875,0.025840797
fpb4523,neutral,neutral,True,0.0003979088,0.92377406,0.07582799
fpb4524,neutral,neutral,True,0.025012685,0.9385941,0.03639324
fpb4525,neutral,neutral,True,0.005887151,0.99006665,0.0040461766
fpb4526,positive,positive,True,0.00026068708,0.22264208,0.7770972
fpb4527,neutral,neutral,True,0.0045162723,0.9752432,0.020240527
fpb4528,neutral,neutral,True,0.0015860266,0.9309744,0.067439556
fpb4529,neutral,neutral,True,0.00080302136,0.997873,0.0013239584
fpb4530,neutral,neutral,True,0.00058405206,0.9319087,0.067507245
fpb4531,neutral,neutral,True,0.0024697387,0.99636364,0.0011666219
fpb4532,neutral,neutral,True,0.10092693,0.8450508,0.05402229
fpb4533,neutral,neutral,True,0.0005400841,0.97649497,0.022964962
fpb4534,neutral,neutral,True,0.0024539337,0.98998743,0.007558647
fpb4535,neutral,neutral,True,0.012882242,0.903115,0.08400277
fpb4536,positive,positive,True,3.302716e-05,0.4999835,0.4999835
fpb4537,neutral,neutral,True,0.00042180653,0.9792544,0.020323778
fpb4538,neutral,neutral,True,0.00059664744,0.9520058,0.047397576
fpb4539,neutral,neutral,True,0.0010222199,0.9892792,0.009698553
fpb4540,neutral,neutral,True,0.14759369,0.8493431,0.0030632096
fpb4541,neutral,neutral,True,0.00086244004,0.9457803,0.053357277
fpb4542,neutral,neutral,True,0.00090495916,0.9924082,0.006686794
fpb4543,neutral,neutral,True,0.001165804,0.9956652,0.0031689843
fpb4544,neutral,neutral,True,0.00014678229,0.81745446,0.18239875
fpb4545,neutral,neutral,True,0.0010268482,0.9937584,0.005214765
fpb4546,neutral,neutral,True,0.00042371138,0.9836766,0.015899653
fpb4547,neutral,neutral,True,0.08794894,0.83443636,0.07761467
fpb4548,neutral,neutral,True,0.0021520855,0.98381454,0.01403336
fpb4549,neutral,neutral,True,0.00026068708,0.7770972,0.2226421
fpb4550,neutral,neutral,True,0.0030073004,0.64939606,0.34759665
fpb4551,neutral,neutral,True,0.0005428416,0.9814807,0.017976448
fpb4552,neutral,neutral,True,0.0051267166,0.97697926,0.017894
fpb4553,neutral,neutral,True,0.0013161659,0.99199975,0.0066840416
fpb4554,neutral,neutral,True,0.00070429686,0.9917238,0.0075719045
fpb4555,neutral,neutral,True,0.001005464,0.9730633,0.025931258
fpb4556,neutral,neutral,True,0.0016906866,0.9924082,0.005901075
fpb4557,neutral,neutral,True,0.0007027854,0.98959553,0.009701653
fpb4558,neutral,neutral,True,0.00069346,0.5922556,0.4070509
fpb4559,neutral,neutral,True,0.0009092975,0.99716574,0.0019249828
fpb4560,neutral,neutral,True,0.0012981165,0.97839594,0.02030596
fpb4561,neutral,neutral,True,0.08330658,0.8956302,0.021063205
fpb4562,negative,negative,True,0.7763925,0.22244018,0.0011672588
fpb4563,neutral,neutral,True,0.00070278544,0.9895956,0.009701654
fpb4564,neutral,neutral,True,0.0005495129,0.9935427,0.0059078205
fpb4565,neutral,neutral,True,0.0014969838,0.99570626,0.0027967342
fpb4566,neutral,neutral,True,0.0010835665,0.8166886,0.18222785
fpb4567,neutral,neutral,True,0.0005515727,0.99726695,0.0021815125
fpb4568,neutral,neutral,True,0.0014964266,0.99533564,0.0031679354
fpb4569,neutral,neutral,True,0.00090734643,0.99502623,0.004066445
fpb4570,neutral,neutral,True,0.0005450088,0.985399,0.014055962
fpb4571,neutral,neutral,True,0.0019189076,0.99401873,0.0040623276
fpb4572,neutral,neutral,True,0.0005966474,0.95200574,0.047397576
fpb4573,neutral,neutral,True,0.0014825477,0.98610425,0.0124132205
fpb4574,neutral,neutral,True,0.00012663474,0.6223805,0.37749285
fpb4575,neutral,neutral,True,0.0027441338,0.9769793,0.020276556
fpb4576,positive,positive,True,0.0001303788,0.06753789,0.93233174
fpb4577,positive,positive,True,0.00012792487,0.085088156,0.9147839
fpb4578,neutral,neutral,True,0.00070678396,0.99522597,0.004067261
fpb4579,neutral,neutral,True,0.0009081633,0.995922,0.0031698016
fpb4580,neutral,neutral,True,0.00013955263,0.7771914,0.22266906
fpb4581,neutral,neutral,True,0.0002735125,0.92388904,0.07583743
fpb4582,neutral,neutral,True,0.0005154595,0.9319727,0.06751188
fpb4583,neutral,neutral,True,0.001005464,0.9730633,0.025931258
fpb4584,neutral,neutral,True,0.0009073465,0.99502623,0.004066445
fpb4585,neutral,neutral,True,0.000849565,0.9316611,0.06748931
fpb4586,neutral,neutral,True,0.000849565,0.9316611,0.0674893
fpb4587,neutral,neutral,True,0.0027367454,0.9743488,0.022914488
fpb4588,neutral,neutral,True,0.0016701842,0.9803737,0.017956171
fpb4589,neutral,neutral,True,0.00077750266,0.96616226,0.033060253
fpb4590,neutral,neutral,True,0.0013196366,0.99461555,0.0040647667
fpb4591,positive,positive,True,0.00044185936,0.37737384,0.62218434
fpb4592,neutral,neutral,True,0.042051,0.95707625,0.0008727406
fpb4593,neutral,neutral,True,7.4702075e-05,0.8807313,0.11919402
fpb4594,neutral,neutral,True,0.0016102656,0.8341382,0.16425154
fpb4595,neutral,neutral,True,0.43734884,0.561567,0.0010840794
fpb4596,neutral,neutral,True,0.0016974522,0.879302,0.119000584
fpb4597,neutral,neutral,True,0.0013208241,0.9955107,0.0031684923
fpb4598,neutral,neutral,True,0.0014380917,0.95653474,0.042027205
fpb4599,neutral,neutral,True,0.0007940977,0.9867841,0.012421778
fpb4600,neutral,neutral,True,0.028911913,0.957431,0.01365702
fpb4601,neutral,neutral,True,0.0027822333,0.99054354,0.00667423
fpb4602,positive,positive,True,0.007116046,0.26702765,0.7258563
fpb4603,neutral,neutral,True,0.00070492405,0.99260694,0.0066881333
fpb4604,neutral,neutral,True,0.004826048,0.9196819,0.075492084
fpb4605,positive,positive,True,0.00016770318,0.49991617,0.49991617
fpb4606,neutral,neutral,True,0.0009095032,0.99739134,0.0016991758
fpb4607,neutral,neutral,True,0.00010309623,0.8353974,0.16449949
fpb4608,negative,negative,True,0.79710287,0.20153916,0.0013579604
fpb4609,neutral,neutral,True,0.3410439,0.63715386,0.021802206
fpb4610,neutral,neutral,True,0.0027616448,0.98321354,0.014024788
fpb4611,neutral,neutral,True,0.0005295258,0.95740503,0.04206544
fpb4612,neutral,neutral,True,0.0006245809,0.99657625,0.0027991778
fpb4613,positive,positive,True,3.796907e-05,0.3486319,0.6513301
fpb4614,neutral,neutral,True,0.036504816,0.5710314,0.39246377
fpb4615,neutral,neutral,True,0.0006617662,0.93183625,0.06750199
fpb4616,neutral,neutral,True,0.00521012,0.9928732,0.0019166961
fpb4617,neutral,neutral,True,0.0008011987,0.9956081,0.0035907235
fpb4618,neutral,neutral,True,0.0005121333,0.8171558,0.1823321
fpb4619,neutral,neutral,True,0.0009081633,0.995922,0.0031698018
fpb4620,neutral,neutral,True,0.1620369,0.8228913,0.0150717795
fpb4621,neutral,neutral,True,0.0008011987,0.9956081,0.0035907235
fpb4622,neutral,neutral,True,0.0011606589,0.9912709,0.0075684465
fpb4623,neutral,neutral,True,0.0005495129,0.9935427,0.0059078205
fpb4624,neutral,neutral,True,0.0001603771,0.8931661,0.10667349
fpb4625,neutral,neutral,True,0.00149115,0.991826,0.006682871
fpb4626,neutral,neutral,True,0.00048367458,0.99094296,0.0085733365
fpb4627,neutral,neutral,True,0.0004288054,0.9955028,0.004068393
fpb4628,neutral,neutral,True,0.002172677,0.9932278,0.0045995573
fpb4629,neutral,neutral,True,0.022954198,0.97603726,0.001008537
fpb4630,neutral,neutral,True,0.0052123303,0.9932943,0.0014933576
fpb4631,neutral,neutral,True,0.0005515727,0.99726695,0.0021815125
fpb4632,neutral,neutral,True,0.0008625585,0.8347629,0.16437455
fpb4633,neutral,neutral,True,0.04625176,0.92899144,0.024756784
fpb4634,neutral,neutral,True,0.0058839815,0.9895336,0.00458245
fpb4635,neutral,neutral,True,0.00089825003,0.9850508,0.014050994
fpb4636,neutral,neutral,True,0.0014942728,0.99390304,0.0046026846
fpb4637,neutral,neutral,True,0.0014572433,0.96927327,0.029269516
fpb4638,neutral,neutral,True,0.0011634124,0.99362254,0.0052140523
fpb4639,neutral,neutral,True,0.0014933576,0.9932943,0.0052123303
fpb4640,neutral,neutral,True,0.0019219797,0.9956102,0.002467871
fpb4641,neutral,neutral,True,0.0010285254,0.9953816,0.0035899065
fpb4642,neutral,neutral,True,0.00029538723,0.8805369,0.119167715
fpb4643,neutral,neutral,True,0.029269516,0.96927327,0.0014572433
fpb4644,neutral,neutral,True,5.6958925e-05,0.59263283,0.40731022
fpb4645,neutral,neutral,True,0.0019178704,0.9934814,0.004600732
fpb4646,positive,positive,True,0.000115266645,0.4999424,0.4999424
fpb4647,neutral,neutral,True,0.22167556,0.7737237,0.0046007293
fpb4648,neutral,neutral,True,0.0007042968,0.9917238,0.007571904
fpb4649,neutral,neutral,True,0.0013908988,0.8164373,0.18217178
fpb4650,neutral,neutral,True,6.454242e-05,0.59262836,0.40730712
fpb4651,neutral,neutral,True,0.32040125,0.67828935,0.0013094065
fpb4652,neutral,neutral,True,0.0003543269,0.9321229,0.06752276
fpb4653,neutral,neutral,True,0.001030683,0.99746966,0.0014996349
fpb4654,neutral,neutral,True,0.000111756424,0.62238973,0.37749848
fpb4655,neutral,neutral,True,0.003145555,0.98830396,0.008550505
fpb4656,neutral,neutral,True,0.0014622725,0.97261834,0.0259194
fpb4657,neutral,neutral,True,0.3461405,0.6466756,0.0071839173
fpb4658,neutral,neutral,True,0.0031638248,0.9940441,0.0027920657
fpb4659,neutral,neutral,True,0.00090567087,0.9931886,0.0059057157
fpb4660,neutral,neutral,True,0.00089825,0.98505074,0.014050993
fpb4661,neutral,neutral,True,0.00036833473,0.75463694,0.24499473
fpb4662,neutral,neutral,True,0.0008008158,0.9951323,0.0040668785
fpb4663,neutral,neutral,True,0.0473388,0.74050343,0.21215779
fpb4664,neutral,neutral,True,0.000584052,0.9319087,0.06750724
fpb4665,neutral,neutral,True,0.00018399597,0.7980399,0.2017761
fpb4666,neutral,neutral,True,0.0018825468,0.97518337,0.022934115
fpb4667,neutral,neutral,True,0.000454919,0.9320291,0.06751596
fpb4668,neutral,neutral,True,0.0027972262,0.99588144,0.001321316
fpb4669,neutral,neutral,True,0.0027967342,0.99570626,0.0014969838
fpb4670,neutral,neutral,True,0.0007035875,0.990725,0.008571451
fpb4671,neutral,neutral,True,0.00025318164,0.75472385,0.24502295
fpb4672,neutral,neutral,True,0.0011606589,0.9912709,0.0075684465
fpb4673,neutral,neutral,True,0.0011626051,0.99293315,0.0059041968
fpb4674,neutral,neutral,True,0.000454919,0.9320291,0.06751596
fpb4675,neutral,neutral,True,0.004053639,0.9918927,0.004053639
fpb4676,neutral,neutral,True,2.2523258e-05,0.56216383,0.4378136
fpb4677,neutral,neutral,True,0.004588422,0.9908232,0.004588422
fpb4678,neutral,neutral,True,0.0009077802,0.9955019,0.0035903403
fpb4679,neutral,neutral,True,0.00047097984,0.85155153,0.14797747
fpb4680,neutral,neutral,True,0.005215395,0.9938783,0.0009062997
fpb4681,neutral,neutral,True,0.0014742215,0.9805661,0.017959695
fpb4682,neutral,neutral,True,0.00079130597,0.9833149,0.015893804
fpb4683,neutral,neutral,True,0.00025144333,0.962431,0.0373175
fpb4684,positive,positive,True,0.00022876212,0.46868336,0.5310879
fpb4685,neutral,neutral,True,0.001322134,0.99649805,0.0021798306
fpb4686,neutral,neutral,True,0.0005999889,0.9573375,0.042062473
fpb4687,neutral,neutral,True,0.0008008158,0.9951323,0.004066878
fpb4688,neutral,neutral,True,0.0016820682,0.98734945,0.010968463
fpb4689,neutral,neutral,True,0.0045525287,0.98307246,0.012375056
fpb4690,neutral,neutral,True,0.00023333025,0.893101,0.1066657
fpb4691,neutral,neutral,True,0.003637472,0.89006,0.106302515
fpb4692,neutral,neutral,True,0.001455208,0.7538164,0.24472836
fpb4693,neutral,neutral,True,0.0007042968,0.99172384,0.007571904
fpb4694,neutral,neutral,True,0.0016981738,0.99680316,0.001498633
fpb4695,neutral,neutral,True,0.004058784,0.9931516,0.0027895588
fpb4696,positive,positive,True,0.00031520642,0.06006771,0.9396171
fpb4697,neutral,neutral,True,0.00040417365,0.7307631,0.26883274
fpb4698,neutral,neutral,True,0.0005321561,0.9621608,0.037307024
fpb4699,neutral,neutral,True,0.0007962857,0.98950297,0.009700746
fpb4700,neutral,neutral,True,0.00078562467,0.97625506,0.02295932
fpb4701,neutral,neutral,True,0.00014333158,0.90452087,0.0953358
fpb4702,neutral,neutral,True,0.0007357093,0.9142279,0.085036434
fpb4703,neutral,neutral,True,0.0007054785,0.99338764,0.0059068985
fpb4704,neutral,neutral,True,0.0016419555,0.85055393,0.14780411
fpb4705,neutral,neutral,True,0.0019230286,0.77580506,0.22227189
fpb4706,neutral,neutral,True,0.00055023195,0.9948427,0.004607036
fpb4707,neutral,neutral,True,0.000112895,0.91479766,0.08508944
fpb4708,neutral,neutral,True,0.0007076841,0.9964934,0.002798945
fpb4709,neutral,neutral,True,0.0010978954,0.7302559,0.26864618
fpb4710,neutral,neutral,True,0.0012276644,0.81657076,0.18220158
fpb4711,neutral,neutral,True,0.0014898244,0.9909442,0.0075659524
fpb4712,neutral,neutral,True,0.00012193859,0.67909586,0.32078218
fpb4713,neutral,neutral,True,0.005478593,0.81309533,0.1814261
fpb4714,neutral,neutral,True,0.0019178702,0.9934814,0.0046007317
fpb4715,neutral,neutral,True,0.0002488062,0.9523371,0.047414068
fpb4716,neutral,neutral,True,0.00014678229,0.81745446,0.18239875
fpb4717,neutral,neutral,True,0.00079628575,0.98950297,0.009700746
fpb4718,neutral,neutral,True,0.0008809347,0.96606225,0.03305683
fpb4719,neutral,neutral,True,0.027149025,0.89905226,0.0737987
fpb4720,neutral,neutral,True,0.001919824,0.9944935,0.0035867037
fpb4721,neutral,neutral,True,0.0058717392,0.9874747,0.006653552
fpb4722,negative,negative,True,0.75439566,0.24491641,0.0006879198
fpb4723,neutral,neutral,True,0.11890875,0.87862337,0.0024678723
fpb4724,neutral,neutral,True,0.00028688274,0.75469846,0.2450147
fpb4725,neutral,neutral,True,0.05333635,0.9454093,0.0012543505
fpb4726,positive,positive,True,0.0001840339,0.095331915,0.9044841
fpb4727,positive,positive,True,0.00017816915,0.4687071,0.5311147
fpb4728,neutral,neutral,True,0.0021073297,0.85015744,0.1477352
fpb4729,neutral,neutral,True,0.0034023453,0.94337606,0.053221636
fpb4730,neutral,neutral,True,0.000549081,0.99276173,0.006689176
fpb4731,neutral,neutral,True,0.0010308647,0.9976455,0.0013236565
fpb4732,neutral,neutral,True,0.000119124285,0.85185134,0.14802955
fpb4733,neutral,neutral,True,0.0003979088,0.92377406,0.07582799
fpb4734,neutral,neutral,True,0.010581175,0.95248693,0.036931925
fpb4735,neutral,neutral,True,0.00069691497,0.9813294,0.017973676
fpb4736,neutral,neutral,True,0.007562757,0.87413585,0.11830142
fpb4737,neutral,neutral,True,0.0007084643,0.99759203,0.0016995177
fpb4738,neutral,neutral,True,0.00069346,0.59225565,0.40705094
fpb4739,neutral,neutral,True,0.0008008158,0.9951323,0.0040668785
fpb4740,neutral,neutral,True,0.00015295342,0.8518225,0.14802453
fpb4741,neutral,neutral,True,0.0019219798,0.9956102,0.0024678712
fpb4742,neutral,neutral,True,0.00042281626,0.98159856,0.017978605
fpb4743,neutral,neutral,True,0.0010304773,0.9972705,0.00169897
fpb4744,positive,positive,True,0.0001055574,0.24505915,0.7548353
fpb4745,neutral,neutral,True,0.007404425,0.9697883,0.022807237
fpb4746,neutral,neutral,True,0.00037629684,0.9899189,0.009704824
fpb4747,neutral,neutral,True,0.0013181147,0.99346864,0.005213245
fpb4748,neutral,neutral,True,0.06745213,0.93114793,0.0013999243
fpb4749,neutral,neutral,True,9.591722e-05,0.7772253,0.22267878
fpb4750,neutral,neutral,True,0.0008874237,0.9731782,0.025934322
fpb4751,neutral,neutral,True,0.0007993367,0.99329436,0.005906344
fpb4752,neutral,neutral,True,0.00070278544,0.9895956,0.009701654
fpb4753,neutral,neutral,True,0.00089973543,0.9866798,0.012420465
fpb4754,neutral,neutral,True,0.0008003824,0.99459374,0.004605883
fpb4755,neutral,neutral,True,0.00033470403,0.77703965,0.22262561
fpb4756,neutral,neutral,True,0.00039889503,0.81724834,0.18235275
fpb4757,neutral,neutral,True,0.045928814,0.92250484,0.031566378
fpb4758,neutral,neutral,True,0.0007611778,0.9458761,0.053362682
fpb4759,neutral,neutral,True,0.00042180653,0.9792544,0.020323778
fpb4760,neutral,neutral,True,0.00070429686,0.99172384,0.0075719045
fpb4761,neutral,neutral,True,0.0005344992,0.96639717,0.033068296
fpb4762,positive,positive,True,0.00045573318,0.49977213,0.49977213
fpb4763,neutral,neutral,True,0.005887151,0.99006665,0.004046176
fpb4764,neutral,neutral,True,0.0007054785,0.99338764,0.005906899
fpb4765,neutral,neutral,True,0.00080287986,0.9976972,0.001499977
fpb4766,neutral,neutral,True,0.0009088006,0.99662083,0.0024703762
fpb4767,neutral,neutral,True,0.3767942,0.6212286,0.0019772344
fpb4768,neutral,neutral,True,0.0007064014,0.99468726,0.0046063163
fpb4769,neutral,neutral,True,0.00042450445,0.9855178,0.014057657
fpb4770,neutral,neutral,True,0.0009073465,0.99502623,0.004066445
fpb4771,neutral,neutral,True,0.00055023195,0.99484277,0.0046070362
fpb4772,positive,positive,True,0.00011175643,0.37749848,0.62238973
fpb4773,neutral,neutral,True,0.02019902,0.9732433,0.006557662
fpb4774,neutral,neutral,True,0.0004751997,0.97357976,0.025945023
fpb4775,neutral,neutral,True,0.0010808893,0.9231429,0.07577619
fpb4776,neutral,neutral,True,0.022954198,0.97603726,0.001008537
fpb4777,neutral,neutral,True,0.004058784,0.99315166,0.0027895588
fpb4778,neutral,neutral,True,0.002467871,0.9956101,0.0019219798
fpb4779,neutral,neutral,True,0.000115831084,0.7309739,0.2689103
fpb4780,neutral,neutral,True,0.00054741494,0.98974943,0.009703163
fpb4781,neutral,neutral,True,0.00016852435,0.73093534,0.26889613
fpb4782,neutral,neutral,True,0.0010835663,0.81668854,0.18222786
fpb4783,neutral,neutral,True,0.00042520685,0.98714846,0.012426365
fpb4784,neutral,neutral,True,0.0460998,0.92593926,0.027960943
fpb4785,neutral,neutral,True,0.00090968487,0.99759054,0.0014998167
fpb4786,positive,positive,True,0.00046236167,0.34848395,0.6510537
fpb4787,neutral,neutral,True,0.0005154595,0.9319727,0.06751188
fpb4788,neutral,neutral,True,0.0009077802,0.9955019,0.0035903405
fpb4789,neutral,neutral,True,0.00080183556,0.99639946,0.0027986811
fpb4790,neutral,neutral,True,0.0009062997,0.9938783,0.0052153943
fpb4791,neutral,neutral,True,0.004046176,0.99006665,0.005887151
fpb4792,positive,positive,True,9.315523e-05,0.24506217,0.7548446
fpb4793,neutral,neutral,True,0.00047908665,0.98154336,0.017977593
fpb4794,neutral,neutral,True,0.22079359,0.7706453,0.008561097
fpb4795,neutral,neutral,True,0.13061388,0.8517095,0.017676666
fpb4796,neutral,neutral,True,0.00054951286,0.9935427,0.00590782
fpb4797,neutral,neutral,True,0.0013136719,0.9901201,0.0085662175
fpb4798,positive,positive,True,0.00014330204,0.2017843,0.7980724
fpb4799,neutral,neutral,True,6.9340414e-05,0.81751776,0.18241288
fpb4800,negative,negative,True,0.49723813,0.49723813,0.005523817
fpb4801,positive,positive,True,3.4548106e-05,0.40731934,0.5926461
fpb4802,neutral,neutral,True,0.0031515157,0.99017674,0.006671759
fpb4803,neutral,neutral,True,0.00011160728,0.79809767,0.2017907
fpb4804,neutral,neutral,True,0.00080153684,0.9960283,0.0031701399
fpb4805,neutral,neutral,True,0.0001840339,0.90448403,0.095331915
fpb4806,neutral,neutral,True,0.02923253,0.96804845,0.0027190489
fpb4807,neutral,neutral,True,0.00033139405,0.6789536,0.32071498
fpb4808,neutral,neutral,True,0.00011175643,0.6223898,0.37749848
fpb4809,neutral,neutral,True,0.00070085423,0.9868762,0.012422939
fpb4810,neutral,neutral,True,0.0017968239,0.93077785,0.06742532
fpb4811,neutral,neutral,True,0.0015986953,0.9384107,0.05999059
fpb4812,neutral,neutral,True,0.0006340032,0.89274305,0.10662295
fpb4813,neutral,neutral,True,0.11890874,0.8786234,0.0024678723
fpb4814,neutral,neutral,True,0.0014773391,0.9826398,0.015882893
fpb4815,neutral,neutral,True,0.006676412,0.99086744,0.0024561149
fpb4816,neutral,neutral,True,0.0003127054,0.93216175,0.06752557
fpb4817,neutral,neutral,True,0.0023805478,0.96038145,0.037238028
fpb4818,neutral,neutral,True,0.0010274778,0.9943677,0.004604836
fpb4819,neutral,neutral,True,0.0018111734,0.938211,0.059977826
fpb4820,neutral,neutral,True,0.0013064122,0.98464835,0.014045253
fpb4821,neutral,neutral,True,0.31258938,0.6617517,0.0256589
fpb4822,neutral,neutral,True,0.0005999889,0.9573375,0.042062476
fpb4823,neutral,neutral,True,0.00070492405,0.99260694,0.006688133
fpb4824,neutral,neutral,True,0.0011647557,0.9947699,0.0040653967
fpb4825,neutral,neutral,True,0.0010244177,0.9914061,0.007569479
fpb4826,neutral,neutral,True,0.0023408858,0.94438076,0.053278323
fpb4827,neutral,neutral,True,0.008790918,0.8966978,0.094511256
fpb4828,positive,positive,True,0.00021637921,0.26888326,0.7309004
fpb4829,neutral,neutral,True,0.0003294768,0.8667501,0.13292044
fpb4830,negative,negative,True,0.93910843,0.060035195,0.0008563561
fpb4831,positive,positive,True,0.000657808,0.43753546,0.5618067
fpb4832,neutral,neutral,True,0.00069838995,0.9834063,0.015895283
fpb4833,neutral,neutral,True,0.00025353616,0.97044164,0.029304799
fpb4834,neutral,neutral,True,0.00048312306,0.9898131,0.009703786
fpb4835,neutral,neutral,True,0.0463867,0.9317018,0.021911526
fpb4836,neutral,neutral,True,0.00064277236,0.6220592,0.37729803
fpb4837,neutral,neutral,True,0.00024753754,0.65119356,0.34855884
fpb4838,negative,negative,True,0.8649293,0.13264123,0.0024294087
fpb4839,neutral,neutral,True,0.00029179608,0.98564863,0.014059522
fpb4840,positive,positive,True,0.00010093434,0.4377793,0.5621198
fpb4841,neutral,neutral,True,0.0009073465,0.99502623,0.004066445
fpb4842,neutral,neutral,True,0.40431696,0.5882777,0.0074053234
fpb4843,neutral,neutral,True,0.000119124285,0.85185134,0.14802955
fpb4844,neutral,neutral,True,0.00090929744,0.9971657,0.0019249826
fpb4845,positive,positive,True,0.00010512827,0.14803162,0.85186327
