id,raw,pred,pred_argmax,p_negative,p_neutral,p_positive
fresh000,neutral,neutral,neutral,6.6655286e-07,0.9669134,0.033085957
fresh001,positive,positive,positive,2.36783e-06,0.015906353,0.9840913
fresh002,neutral,neutral,neutral,2.880341e-06,0.53120786,0.46878928
fresh003,positive,positive,neutral,6.4394806e-07,0.49999967,0.49999967
fresh004,neutral,neutral,neutral,7.4084637e-06,0.9996126,0.00037998174
fresh005,neutral,neutral,neutral,1.6664968e-05,0.99780065,0.00218268
fresh006,neutral,neutral,neutral,9.779385e-06,0.8519445,0.14804575
fresh007,positive,positive,positive,1.2575713e-07,0.18242551,0.8175744
fresh008,neutral,neutral,neutral,1.960421e-07,0.93245316,0.06754668
fresh009,neutral,neutral,neutral,3.1923487e-06,0.97068465,0.029312136
fresh010,neutral,neutral,neutral,2.2409363e-06,0.99142027,0.008577466
fresh011,neutral,neutral,neutral,2.1422815e-05,0.99894637,0.0010322089
fresh012,positive,positive,positive,3.296209e-07,0.106690556,0.8933091
fresh013,neutral,neutral,neutral,2.3761904e-06,0.98756605,0.012431622
fresh014,neutral,neutral,neutral,1.1363326e-06,0.99979544,0.00020342675
fresh015,neutral,neutral,neutral,1.0004059e-05,0.9875585,0.012431527
fresh016,neutral,neutral,neutral,2.1357668e-05,0.99590856,0.0040700505
fresh017,neutral,neutral,neutral,2.304835e-06,0.95791006,0.042087633
fresh018,positive,positive,positive,2.2821006e-07,0.04208772,0.957912
fresh019,neutral,neutral,neutral,3.9121746e-06,0.8175713,0.18242481
fresh020,neutral,neutral,neutral,6.103053e-06,0.9933011,0.0066928104
fresh021,neutral,neutral,neutral,2.8551317e-06,0.9241392,0.07585796
fresh022,positive,positive,positive,1.7499377e-06,0.0059110583,0.9940872
fresh023,neutral,neutral,neutral,1.7583831e-07,0.65135473,0.34864506
fresh024,positive,positive,positive,2.121444e-06,0.00091104925,0.9990868
fresh025,neutral,neutral,neutral,1.8706885e-06,0.9982974,0.0017007195
fresh026,neutral,neutral,neutral,7.884901e-06,0.99943936,0.00055277423
fresh027,positive,positive,positive,1.5529769e-06,0.0003353496,0.9996631
fresh028,neutral,neutral,neutral,2.2598033e-06,0.99976724,0.00023050621
fresh029,neutral,neutral,neutral,5.087748e-06,0.9988254,0.0011695042
fresh030,neutral,neutral,neutral,1.2960386e-05,0.9963935,0.003593556
fresh031,neutral,neutral,neutral,2.8501106e-06,0.98201096,0.017986158
fresh032,neutral,neutral,neutral,3.4996806e-06,0.99966115,0.00033534894
fresh033,neutral,neutral,neutral,4.0364722e-07,0.8519525,0.14804713
fresh034,neutral,neutral,neutral,2.8904994e-06,0.995927,0.004070126
fresh035,neutral,neutral,neutral,2.7259157e-06,0.9997938,0.00020342642
fresh036,neutral,neutral,neutral,1.0459939e-06,0.97966665,0.020332333
fresh037,neutral,neutral,neutral,1.048997e-06,0.86703485,0.13296412
fresh038,neutral,neutral,neutral,5.694868e-06,0.5621733,0.437821
fresh039,neutral,neutral,neutral,6.527835e-06,0.9980667,0.001926722
fresh040,neutral,neutral,neutral,1.5417266e-06,0.9924212,0.0075772293
fresh041,neutral,neutral,neutral,3.6742294e-06,0.98593277,0.014063575
fresh042,neutral,neutral,neutral,6.130955e-07,0.8354831,0.16451636
fresh043,neutral,neutral,neutral,5.4216976e-06,0.9998985,9.6101896e-05
fresh044,neutral,neutral,neutral,4.48537e-06,0.9978128,0.002182707
fresh045,neutral,neutral,neutral,1.8297553e-07,0.8175743,0.18242548
fresh046,positive,positive,positive,7.3380875e-07,1.670141e-05,0.9999826
fresh047,neutral,neutral,neutral,2.7122376e-06,0.99477714,0.005220111
fresh048,neutral,neutral,neutral,5.769984e-06,0.9996589,0.0003353482
fresh049,positive,positive,positive,6.473487e-07,0.00037998427,0.99961936
fresh050,positive,positive,positive,8.754318e-07,0.0109869335,0.9890122
fresh051,neutral,neutral,neutral,4.219438e-06,0.9991917,0.00080408255
fresh052,neutral,neutral,neutral,6.463474e-07,0.88079655,0.119202845
fresh053,positive,positive,positive,6.8933343e-07,4.006366e-05,0.99995923
fresh054,positive,positive,positive,1.4418261e-07,0.0021827163,0.99781716
fresh055,neutral,neutral,neutral,2.2654494e-07,0.8933092,0.10669057
fresh056,neutral,neutral,neutral,2.9012092e-06,0.9996171,0.00037998342
fresh057,neutral,neutral,neutral,4.4919916e-06,0.9992859,0.0007096672
fresh058,positive,positive,positive,1.5381679e-07,3.5008538e-06,0.9999963
fresh059,neutral,neutral,neutral,6.5392624e-06,0.9998139,0.00017952679
fresh060,neutral,neutral,neutral,5.092669e-06,0.9997915,0.00020342595
fresh061,neutral,neutral,neutral,3.2861046e-06,0.9991926,0.0008040833
fresh062,neutral,neutral,neutral,5.168352e-07,0.96267265,0.03732687
fresh063,neutral,neutral,neutral,3.0712322e-06,0.99408585,0.0059110504
fresh064,neutral,neutral,neutral,3.7263933e-06,0.9999302,6.60519e-05
fresh065,neutral,neutral,neutral,9.3511164e-07,0.5312089,0.46879017
fresh066,neutral,neutral,neutral,3.3982371e-06,0.97068447,0.029312134
fresh067,neutral,neutral,neutral,3.9584424e-07,0.83548325,0.16451639
fresh068,neutral,neutral,neutral,2.745857e-05,0.9971717,0.0028008502
fresh069,neutral,neutral,neutral,6.538929e-06,0.99976295,0.0002305052
fresh070,positive,positive,positive,3.2864152e-06,0.00070966803,0.99928707
fresh071,neutral,neutral,neutral,5.5918473e-08,0.67917866,0.3208213
fresh072,neutral,neutral,neutral,8.396363e-06,0.99978817,0.00020342527
fresh073,neutral,neutral,neutral,6.96084e-06,0.9997896,0.00020342556
fresh074,positive,positive,positive,2.534219e-07,0.0007096702,0.9992901
fresh075,neutral,neutral,neutral,1.2708262e-05,0.9770102,0.022977076
fresh076,neutral,neutral,neutral,1.2960387e-05,0.99639344,0.003593556
fresh077,neutral,neutral,neutral,4.2217307e-06,0.9997346,0.0002611892
fresh078,positive,positive,positive,3.022923e-07,0.32082123,0.6791785
fresh079,neutral,neutral,neutral,9.989317e-07,0.9959289,0.0040701334
fresh080,neutral,neutral,neutral,2.107647e-06,0.93245137,0.067546554
fresh081,positive,positive,positive,1.4196644e-07,0.13296422,0.8670357
fresh082,neutral,neutral,neutral,7.872042e-06,0.9978094,0.0021826993
fresh083,positive,positive,positive,4.0933196e-06,0.245084,0.7549119
fresh084,neutral,neutral,neutral,1.8306226e-07,0.5621764,0.4378234
fresh085,neutral,neutral,neutral,6.002999e-06,0.9770168,0.022977233
fresh086,neutral,neutral,neutral,1.393082e-07,0.62245923,0.37754062
fresh087,positive,positive,positive,1.0279813e-06,0.20181301,0.798186
fresh088,neutral,neutral,neutral,5.415034e-06,0.99866956,0.0013250153
fresh089,neutral,neutral,neutral,8.903311e-06,0.995921,0.004070102
fresh090,neutral,neutral,neutral,2.105165e-06,0.9914204,0.008577467
fresh091,neutral,neutral,neutral,5.3627666e-08,0.6513548,0.34864515
fresh092,neutral,neutral,neutral,0.0038536163,0.9429488,0.053197537
fresh093,positive,positive,positive,3.202936e-06,0.085098766,0.91489804
fresh094,neutral,neutral,neutral,2.898918e-06,0.9988276,0.0011695069
fresh095,neutral,neutral,neutral,0.00080381654,0.9988611,0.00033508055
fresh096,positive,positive,positive,7.725376e-08,0.0011695102,0.99883044
fresh097,neutral,neutral,neutral,6.002999e-06,0.9770168,0.022977235
fresh098,neutral,neutral,neutral,1.272697e-06,0.6791778,0.3208209
fresh099,positive,positive,positive,9.2070695e-07,0.40733305,0.5926661
fresh100,neutral,neutral,neutral,1.0430575e-07,0.56217647,0.43782347
fresh101,neutral,neutral,neutral,1.3707112e-06,0.9998191,0.0001795277
fresh102,neutral,neutral,neutral,9.272569e-07,0.98409265,0.015906377
fresh103,neutral,neutral,neutral,1.5529075e-06,0.9996185,0.00037998392
fresh104,neutral,neutral,neutral,1.1231841e-07,0.88079697,0.11920291
fresh105,neutral,neutral,neutral,1.2542903e-06,0.9148998,0.08509894
fresh106,neutral,neutral,neutral,3.972006e-05,0.99138314,0.008577145
fresh107,negative,negative,negative,0.79810816,0.20179336,9.849437e-05
fresh108,neutral,neutral,neutral,4.536944e-05,0.9993284,0.0006263057
fresh109,positive,positive,positive,2.226346e-07,0.005220124,0.99477965
fresh110,neutral,neutral,neutral,1.1296184e-05,0.9840825,0.015906213
fresh111,neutral,neutral,neutral,0.00013963683,0.9985355,0.0013248374
fresh112,positive,positive,positive,8.919257e-07,0.053403288,0.94659585
fresh113,neutral,neutral,neutral,8.914657e-06,0.99719024,0.0028009024
fresh114,positive,positive,positive,1.0029787e-06,3.5356217e-05,0.99996364
fresh115,neutral,neutral,neutral,2.107647e-06,0.9324513,0.067546554
fresh116,neutral,neutral,neutral,1.7600272e-06,0.99981874,0.00017952765
fresh117,neutral,neutral,neutral,3.1901038e-07,0.9796673,0.020332346
fresh118,neutral,neutral,neutral,4.2223123e-06,0.9998724,0.00012339406
fresh119,neutral,neutral,neutral,0.0019259066,0.99764436,0.00042972784
fresh120,neutral,neutral,neutral,2.1357666e-05,0.9959086,0.004070051
fresh121,neutral,neutral,neutral,8.935847e-06,0.99956053,0.00043055322
fresh122,positive,positive,positive,6.04763e-07,0.0059110653,0.99408835
fresh123,neutral,neutral,neutral,1.975364e-06,0.99028957,0.009708458
fresh124,positive,positive,positive,2.232225e-06,0.012431623,0.9875662
fresh125,positive,positive,positive,1.4421544e-06,0.32082084,0.6791777
fresh126,neutral,neutral,neutral,5.0718787e-05,0.9858864,0.014062914
fresh127,positive,positive,positive,1.7355865e-06,0.014063601,0.9859346
fresh128,neutral,neutral,neutral,1.0114783e-05,0.9984887,0.0015011671
fresh129,neutral,neutral,neutral,5.4886523e-06,0.89330447,0.10669001
fresh130,neutral,neutral,neutral,8.314658e-07,0.9999243,7.484617e-05
fresh131,neutral,neutral,neutral,4.2909932e-07,0.62245905,0.3775405
fresh132,neutral,neutral,neutral,5.0827407e-07,0.83548313,0.16451637
fresh133,neutral,neutral,neutral,2.2431973e-06,0.9924205,0.0075772232
fresh134,neutral,neutral,neutral,0.00013963685,0.9985355,0.0013248374
fresh135,neutral,neutral,neutral,1.7473016e-06,0.93245167,0.06754657
fresh136,neutral,neutral,neutral,1.888384e-05,0.99779844,0.0021826753
fresh137,neutral,neutral,neutral,5.7702114e-06,0.9996983,0.00029595543
fresh138,positive,positive,neutral,1.1301635e-06,0.49999943,0.49999943
fresh139,neutral,neutral,neutral,1.7916966e-05,0.8354686,0.16451351
fresh140,neutral,neutral,neutral,0.0064627016,0.84644693,0.1470904
fresh141,positive,positive,positive,1.3877545e-06,0.10669045,0.89330816
fresh142,neutral,neutral,neutral,2.554949e-06,0.9975248,0.002472617
fresh143,neutral,neutral,neutral,2.8681507e-07,0.88079685,0.11920289
fresh144,neutral,neutral,neutral,1.47025385e-05,0.9975127,0.0024725872
fresh145,neutral,neutral,neutral,2.9013388e-06,0.99966174,0.00033534915
fresh146,neutral,neutral,neutral,1.1456653e-05,0.99806184,0.0019267127
fresh147,positive,positive,positive,1.6663353e-06,0.053403247,0.9465951
fresh148,neutral,neutral,neutral,6.9608395e-06,0.9997896,0.00020342556
fresh149,neutral,neutral,neutral,2.5556915e-06,0.9978147,0.002182711
fresh150,neutral,neutral,neutral,8.922472e-06,0.9980644,0.0019267176
fresh151,positive,positive,positive,3.409507e-06,0.08509875,0.91489786
fresh152,neutral,neutral,neutral,1.4590398e-06,0.999768,0.00023050637
fresh153,negative,negative,negative,0.99998647,1.3007122e-05,5.36868e-07
fresh154,positive,positive,positive,5.4105493e-07,0.16451637,0.83548313
fresh155,negative,negative,negative,0.67771363,0.3201293,0.002157014
fresh156,positive,positive,positive,7.353503e-05,0.13295446,0.866972
fresh157,neutral,neutral,neutral,7.67587e-08,0.53120935,0.4687906
fresh158,positive,positive,positive,1.72241e-07,0.32082126,0.6791786
fresh159,positive,positive,positive,2.1014077e-07,0.00048785706,0.9995119
fresh160,neutral,neutral,neutral,2.257681e-06,0.99882823,0.0011695076
fresh161,neutral,neutral,neutral,1.293923e-05,0.99476695,0.005220058
fresh162,positive,positive,positive,9.289932e-07,0.014063613,0.98593545
fresh163,positive,positive,positive,1.7819112e-06,0.10669041,0.8933078
fresh164,neutral,neutral,neutral,5.9431613e-08,0.56217647,0.43782347
fresh165,positive,positive,positive,4.7376616e-07,5.144219e-05,0.9999481
fresh166,neutral,neutral,neutral,2.1008931e-05,0.97964704,0.020331925
fresh167,positive,positive,positive,5.086956e-06,0.0013250157,0.9986699
fresh168,neutral,neutral,neutral,7.408464e-06,0.9996126,0.0003799817
fresh169,neutral,neutral,neutral,8.6715966e-07,0.97966677,0.020332335
fresh170,neutral,neutral,neutral,3.284903e-06,0.9988272,0.0011695063
fresh171,neutral,neutral,neutral,0.0027042462,0.8496489,0.14764683
fresh172,neutral,neutral,neutral,1.4640337e-05,0.99329257,0.006692753
fresh173,neutral,neutral,neutral,5.4215498e-06,0.9998712,0.0001233939
fresh174,positive,positive,positive,7.5947833e-06,0.037326604,0.96266586
fresh175,neutral,neutral,neutral,4.2225874e-06,0.9999375,5.8291018e-05
fresh176,neutral,neutral,neutral,8.2171533e-07,0.6791781,0.32082105
fresh177,neutral,neutral,neutral,0.002744134,0.9769793,0.020276558
fresh178,positive,positive,positive,1.6545703e-06,0.060086545,0.9399118
fresh179,positive,positive,positive,7.8076727e-07,0.0004878568,0.99951136
fresh180,neutral,neutral,neutral,8.4625935e-05,0.9977329,0.0021825319
fresh181,neutral,neutral,neutral,1.5511657e-06,0.99849725,0.0015011799
fresh182,neutral,neutral,neutral,5.868802e-07,0.7057846,0.29421481
fresh183,positive,positive,positive,1.0760156e-06,0.16451629,0.83548266
fresh184,neutral,neutral,neutral,6.9599214e-06,0.9996577,0.0003353478
fresh185,neutral,neutral,neutral,2.1008323e-07,0.7310584,0.26894137
fresh186,neutral,neutral,neutral,0.0066657914,0.9892912,0.004043007
fresh187,neutral,neutral,neutral,7.471895e-05,0.9982247,0.0017005955
fresh188,neutral,neutral,neutral,3.2857529e-06,0.99908566,0.00091104826
fresh189,neutral,neutral,neutral,1.4909976e-07,0.7549149,0.24508497
fresh190,positive,positive,positive,2.8734954e-07,6.6052125e-05,0.99993366
fresh191,positive,positive,positive,1.9533537e-07,0.010986942,0.9890129
fresh192,neutral,neutral,neutral,4.222164e-06,0.99983734,0.00015843553
fresh193,neutral,neutral,neutral,3.1564414e-07,0.75491476,0.24508494
fresh194,neutral,neutral,neutral,5.358403e-07,0.7772994,0.22270001
fresh195,neutral,neutral,neutral,1.668189e-05,0.99881387,0.0011694907
fresh196,neutral,neutral,neutral,3.2866894e-06,0.9993704,0.00062633207
fresh197,neutral,neutral,neutral,1.7323426e-06,0.98409194,0.015906364
fresh198,neutral,neutral,neutral,5.0908893e-06,0.99944216,0.0005527758
fresh199,neutral,neutral,neutral,1.602971e-06,0.75491375,0.24508461
fresh200,neutral,neutral,neutral,4.7845047e-06,0.99987185,0.00012339398
fresh201,neutral,neutral,neutral,2.6975223e-07,0.7310584,0.26894137
fresh202,neutral,neutral,neutral,1.1727593e-06,0.7549141,0.24508472
fresh203,positive,positive,positive,5.5843714e-07,0.4073332,0.59266627
fresh204,positive,positive,positive,5.517203e-07,0.1480471,0.8519524
fresh205,neutral,neutral,neutral,2.8979553e-06,0.9984959,0.0015011779
fresh206,positive,positive,positive,4.6746567e-07,0.4378233,0.5621762
fresh207,neutral,neutral,neutral,6.537246e-06,0.99950564,0.00048785398
fresh208,neutral,neutral,neutral,7.882919e-06,0.99918807,0.0008040796
fresh209,neutral,neutral,neutral,7.886265e-06,0.99961215,0.00037998153
fresh210,neutral,neutral,neutral,5.0917697e-06,0.99961495,0.0003799826
fresh211,neutral,neutral,neutral,1.4719452e-05,0.99866027,0.0013250029
fresh212,positive,positive,positive,4.0766777e-06,0.14804658,0.85194933
fresh213,neutral,neutral,neutral,1.3353709e-06,0.97404134,0.025957324
fresh214,neutral,neutral,neutral,4.784504e-06,0.99987185,0.00012339398
fresh215,neutral,neutral,neutral,0.407162,0.59241724,0.00042071953
fresh216,positive,positive,positive,2.226346e-07,0.0052201245,0.99477965
fresh217,positive,positive,positive,9.13346e-07,0.24508479,0.75491434
fresh218,positive,positive,positive,1.5655925e-06,0.1645162,0.83548224
fresh219,positive,positive,positive,6.068548e-07,0.0024726219,0.9975268
fresh220,neutral,neutral,neutral,3.4921984e-06,0.9975239,0.0024726146
fresh221,positive,positive,positive,3.2556503e-07,0.00020342693,0.9997963
fresh222,positive,positive,positive,2.309302e-07,0.24508496,0.7549148
fresh223,neutral,neutral,neutral,0.025937026,0.9732797,0.0007832303
fresh224,neutral,neutral,neutral,2.0471152e-06,0.62245804,0.37753987
fresh225,positive,positive,positive,1.4955107e-06,0.03732683,0.9626717
fresh226,neutral,neutral,neutral,1.2824204e-05,0.98592377,0.014063446
fresh227,neutral,neutral,neutral,2.208152e-07,0.5621764,0.4378234
fresh228,positive,positive,positive,1.048997e-06,0.1329641,0.86703485
fresh229,neutral,neutral,neutral,9.049225e-06,0.8933013,0.106689624
fresh230,neutral,neutral,neutral,1.4736645e-05,0.99982685,0.00015843389
fresh231,neutral,neutral,neutral,4.784816e-06,0.99993694,5.8290985e-05
fresh232,positive,positive,positive,2.87357e-07,4.0063675e-05,0.99995965
fresh233,neutral,neutral,neutral,6.251809e-07,0.85195225,0.1480471
fresh234,neutral,neutral,neutral,1.0128171e-05,0.99981034,0.00017952613
fresh235,neutral,neutral,neutral,7.805536e-07,0.731058,0.26894125
fresh236,positive,positive,positive,3.6898496e-07,9.516248e-06,0.9999901
fresh237,positive,positive,positive,9.849737e-07,0.017986193,0.9820128
fresh238,neutral,neutral,neutral,9.177832e-08,0.92414176,0.07585817
fresh239,neutral,neutral,neutral,3.641456e-06,0.5926644,0.4073319
fresh240,neutral,neutral,neutral,2.1399098e-06,0.83548176,0.1645161
fresh241,neutral,neutral,neutral,4.181836e-06,0.99028736,0.009708436
fresh242,positive,positive,positive,6.413076e-07,0.009708471,0.9902909
fresh243,positive,positive,positive,1.1234378e-07,0.0017007224,0.9982992
fresh244,positive,positive,positive,1.1955883e-06,0.32082093,0.6791779
fresh245,neutral,neutral,neutral,3.2871446e-06,0.99950886,0.00048785558
fresh246,positive,positive,positive,9.35105e-07,0.0075772335,0.9924218
fresh247,positive,positive,positive,3.3290432e-06,0.10669024,0.89330643
fresh248,neutral,neutral,neutral,8.7292676e-07,0.8175737,0.18242536
fresh249,neutral,neutral,neutral,3.6033402e-06,0.96691054,0.033085857
fresh250,positive,positive,positive,2.3958499e-05,0.01406329,0.98591274
fresh251,neutral,neutral,neutral,3.1327777e-06,0.95257115,0.047425725
fresh252,neutral,neutral,neutral,0.0011634124,0.99362254,0.0052140527
fresh253,neutral,neutral,neutral,8.4541985e-05,0.9967431,0.0031724148
fresh254,neutral,neutral,neutral,8.935335e-06,0.99950325,0.0004878528
fresh255,positive,positive,positive,1.2781455e-06,0.46879005,0.53120875
fresh256,neutral,neutral,neutral,1.0639361e-05,0.5621705,0.43781883
fresh257,neutral,neutral,neutral,3.1923487e-06,0.9706847,0.02931214
fresh258,positive,positive,positive,8.314731e-07,6.605209e-05,0.9999331
fresh259,positive,positive,positive,6.083006e-07,9.610236e-05,0.9999033
fresh260,positive,positive,positive,7.2826066e-07,0.0075772353,0.99242204
fresh261,neutral,neutral,neutral,1.8717223e-05,0.98899454,0.010986738
fresh262,neutral,neutral,neutral,3.96595e-06,0.9997349,0.00026118927
fresh263,positive,positive,positive,2.304835e-06,0.042087633,0.95791006
fresh264,neutral,neutral,neutral,0.005213245,0.9934686,0.0013181147
fresh265,neutral,neutral,neutral,3.110292e-05,0.99679637,0.0031725843
fresh266,neutral,neutral,neutral,1.3197837e-06,0.9626719,0.037326835
fresh267,positive,positive,positive,2.3823434e-07,1.0783309e-05,0.999989
fresh268,neutral,neutral,neutral,1.2869145e-06,0.7310576,0.2689411
fresh269,neutral,neutral,neutral,6.885763e-06,0.9890062,0.010986867
fresh270,positive,positive,positive,8.479027e-07,0.042087693,0.9579115
fresh271,positive,positive,positive,2.2511244e-06,0.0040701283,0.9959276
fresh272,positive,positive,positive,3.051087e-06,0.012431613,0.98756534
fresh273,neutral,neutral,neutral,1.4531701e-05,0.98592204,0.014063422
fresh274,positive,positive,positive,3.4660974e-07,6.6052125e-05,0.9999336
fresh275,neutral,neutral,neutral,6.948842e-06,0.9980663,0.0019267213
fresh276,neutral,neutral,neutral,6.5382437e-06,0.9996581,0.00033534793
fresh277,neutral,neutral,neutral,6.5904514e-06,0.9465904,0.053402983
fresh278,positive,positive,positive,3.3850256e-06,0.033085864,0.9669107
fresh279,positive,positive,positive,4.7345432e-07,0.0007096701,0.9992898
fresh280,neutral,neutral,neutral,6.2984136e-06,0.90464485,0.095348865
fresh281,neutral,neutral,neutral,1.0887285e-06,0.9579112,0.04208768
fresh282,negative,negative,negative,0.99829835,0.001700721,9.406421e-07
fresh283,neutral,neutral,neutral,1.2293906e-07,0.6224593,0.37754062
fresh284,neutral,neutral,neutral,2.8967204e-06,0.99807036,0.0019267291
fresh285,positive,positive,positive,1.5479152e-06,0.0035935973,0.9964049
fresh286,neutral,neutral,neutral,1.2974967e-05,0.9975145,0.0024725911
fresh287,positive,positive,positive,3.637992e-07,0.014063622,0.98593605
fresh288,neutral,neutral,neutral,5.4216976e-06,0.9998985,9.61019e-05
fresh289,neutral,neutral,neutral,1.0675535e-06,0.9998591,0.00013982193
fresh290,neutral,neutral,neutral,3.4921984e-06,0.9975239,0.0024726146
fresh291,positive,positive,positive,5.959897e-07,0.020332342,0.97966707
fresh292,positive,positive,positive,6.8266843e-07,0.009708471,0.9902909
fresh293,neutral,neutral,neutral,1.2277496e-07,0.79818666,0.20181319
fresh294,neutral,neutral,neutral,1.6660128e-05,0.9975108,0.0024725823
fresh295,positive,positive,positive,1.2105102e-06,0.060086578,0.93991226
fresh296,positive,positive,positive,7.519905e-07,0.037326857,0.96267235
fresh297,neutral,neutral,neutral,7.886927e-06,0.9996962,0.0002959548
fresh298,positive,positive,positive,1.4705361e-06,0.053403255,0.94659525
fresh299,positive,positive,positive,3.9277776e-07,2.144494e-05,0.9999781
fresh300,positive,positive,positive,2.750567e-06,0.3486442,0.65135306
fresh301,neutral,neutral,neutral,0.042010047,0.9561442,0.0018457925
fresh302,negative,negative,negative,0.999085,0.0009110476,3.963372e-06
fresh303,neutral,neutral,neutral,2.2196698e-06,0.9820116,0.017986171
fresh304,negative,negative,negative,0.99973685,0.00026118977,1.9942088e-06
fresh305,positive,positive,positive,1.5505038e-06,0.22269979,0.7772987
fresh306,negative,negative,negative,0.95252746,0.04742355,4.9002643e-05
fresh307,positive,positive,positive,1.3235071e-06,0.148047,0.8519517
fresh308,positive,positive,positive,6.158128e-07,0.10669053,0.8933089
fresh309,negative,negative,negative,0.99966043,0.0003353487,4.2214174e-06
fresh310,positive,positive,positive,7.811452e-07,3.9669826e-06,0.99999523
fresh311,positive,positive,positive,9.655747e-07,0.03732685,0.9626722
fresh312,positive,positive,positive,2.0745888e-06,0.02297732,0.9770206
fresh313,negative,negative,negative,0.7055096,0.29410014,0.00039020635
fresh314,negative,negative,negative,0.9999644,3.5356243e-05,2.2379497e-07
fresh315,negative,negative,negative,0.99987155,0.00012339395,5.0930767e-06
fresh316,negative,negative,negative,0.9997024,0.00029595665,1.6532002e-06
fresh317,neutral,neutral,neutral,0.4684992,0.53087914,0.00062159554
fresh318,negative,negative,negative,0.9889921,0.009695738,0.0013121753
fresh319,positive,positive,positive,5.04342e-07,1.07833075e-05,0.99998873
fresh320,positive,positive,positive,1.4438798e-07,0.26894143,0.7310585
fresh321,positive,positive,positive,1.4340411e-07,0.46879056,0.53120935
fresh322,negative,negative,negative,0.65122926,0.34857792,0.000192793
fresh323,positive,positive,positive,4.2937077e-07,0.29421484,0.70578474
fresh324,negative,negative,negative,0.9999526,4.539778e-05,1.9946394e-06
fresh325,negative,negative,negative,0.9922224,0.0075757112,0.00020188586
fresh326,negative,negative,negative,0.8354643,0.16451268,2.3005721e-05
fresh327,neutral,neutral,neutral,7.887445e-06,0.99976164,0.00023050491
fresh328,neutral,neutral,neutral,8.831267e-08,0.9465966,0.05340333
fresh329,positive,positive,positive,2.9804164e-06,0.2942141,0.70578295
fresh330,positive,positive,positive,1.1956224e-07,0.0019267345,0.9980731
fresh331,neutral,neutral,neutral,1.5352103e-07,0.88079697,0.1192029
fresh332,neutral,neutral,neutral,1.6414381e-06,0.9324518,0.06754658
fresh333,positive,positive,positive,1.8813849e-07,0.047425866,0.95257396
fresh334,neutral,neutral,neutral,1.0364062e-06,0.9706868,0.0293122
fresh335,positive,positive,positive,9.422289e-07,1.6701406e-05,0.99998236
fresh336,negative,negative,negative,0.99882877,0.0011695083,1.6517556e-06
fresh337,neutral,neutral,neutral,4.0031475e-05,0.99915594,0.00080405374
fresh338,negative,negative,negative,0.7309498,0.26890144,0.00014872517
fresh339,neutral,neutral,neutral,9.595816e-05,0.998403,0.0015010382
fresh340,neutral,neutral,neutral,0.14803506,0.85188305,8.187589e-05
fresh341,negative,negative,negative,0.99956334,0.00043055444,6.1415294e-06
fresh342,neutral,neutral,neutral,0.3205664,0.678639,0.0007946046
fresh343,neutral,neutral,neutral,0.0015405455,0.62150043,0.37695906
fresh344,neutral,neutral,neutral,1.878175e-05,0.9924041,0.0075770984
fresh345,positive,positive,positive,1.2850842e-06,0.0021827137,0.997816
fresh346,positive,positive,positive,3.7186123e-07,0.16451639,0.83548325
fresh347,neutral,neutral,neutral,5.1409996e-05,0.99932224,0.0006263019
fresh348,positive,positive,positive,1.8492567e-05,0.4073259,0.59265566
fresh349,neutral,neutral,neutral,0.084995866,0.9137917,0.001212401
fresh350,positive,positive,positive,6.893601e-07,1.4593752e-06,0.99999785
fresh351,neutral,neutral,neutral,4.1092665e-08,0.9324532,0.06754669
fresh352,negative,negative,negative,0.9980702,0.0019267286,3.0835417e-06
fresh353,neutral,neutral,neutral,1.4881148e-06,0.95791084,0.042087663
fresh354,neutral,neutral,neutral,0.009651643,0.9844944,0.005854017
fresh355,negative,negative,negative,0.99944067,0.000552775,6.5368213e-06
fresh356,neutral,neutral,neutral,0.00015669575,0.9888581,0.010985223
fresh357,neutral,neutral,neutral,5.142007e-05,0.99951804,0.00043053494
fresh358,neutral,neutral,neutral,3.99865e-05,0.99803334,0.0019266575
fresh359,neutral,neutral,neutral,3.0712324e-06,0.9940859,0.0059110504
